구분,화장실명,소재지도로명주소,소재지지번주소,남녀공용화장실여부,남성용-대변기수,남성용-소변기수,남성용-장애인용대변기수,남성용-장애인용소변기수,남성용-어린이용대변기수,남성용-어린이용소변기수,여성용-대변기수,여성용-장애인용대변기수,여성용-어린이용대변기수,관리기관명,전화번호,개방시간,위도,경도,화장실소유구분,화장실설치장소유형,오물처리방식,비상벨 설치유형,화장실입구cctv설치유무,기저귀교환대장소,리모델링년월,데이터기준일자
공중화장실,서울역(1),서울특별시 중구 봉래동2가 122 서울역(1호선),서울특별시 중구 봉래동2가 ,N,4,5,1,0,0,0,9,1,0,서울교통공사,02-6110-1331,05:00~01:00,37.556878,126.972578,서울교통공사,역사 내 화장실,수세식,유,유,"남자화장실,여자화장실",2015,2020-09-28
공중화장실,시청역(1),서울특별시 중구 정동 5-5 시청역(1호선),서울특별시 중구 정동 5-5,N,6,5,2,0,2,1,15,2,2,서울교통공사,02-6110-1321,05:00~01:00,37.565682,126.976849,서울교통공사,역사 내 화장실,수세식,유,유,"남자화장실,여자화장실",2013,2020-09-28
공중화장실,종각역(1),서울특별시 종로구 종로1가 54 종각지하철역사,서울특별시 종로구 종로1가 ,N,3,2,2,0,0,1,6,2,1,서울교통공사,02-6110-1311,05:00~01:00,37.570175,126.983226,서울교통공사,역사 내 화장실,수세식,유,유,"남자화장실,여자화장실",2015,2020-09-28
공중화장실,종각역(1),서울특별시 종로구 종로1가 54 종각지하철역사,서울특별시 종로구 종로1가 ,N,5,5,2,0,2,1,10,2,2,서울교통공사,02-6110-1311,05:00~01:00,37.570384,126.992008,서울교통공사,역사 내 화장실,수세식,유,유,"남자화장실,여자화장실",2008이전,2020-09-28
공중화장실,종로3가역(1),서울특별시 종로3가 10-5  1호선 종로3가역(1호선),서울특별시 종로3가 10-5,N,5,6,2,0,1,0,12,2,1,서울교통공사,02-6110-1301,05:00~01:00,37.570384,126.992008,서울교통공사,역사 내 화장실,수세식,유,유,"남자화장실,여자화장실",2010,2020-09-28
공중화장실,종로3가역(1),서울특별시 종로3가 10-5  1호선 종로3가역(1호선),서울특별시 종로3가 10-5,N,4,5,2,0,1,0,6,2,1,서울교통공사,02-6110-1301,05:00~01:00,37.570866,127.001906,서울교통공사,역사 내 화장실,수세식,유,유,여자화장실,2008이전,2020-09-28
공중화장실,종로5가역(1),서울특별시 종로구 종로5가 82-1 1호선 종로5가역,서울특별시 종로구 종로5가 ,N,4,4,1,0,0,0,8,1,0,서울교통공사,02-6110-1291,05:00~01:00,37.571743,127.011169,서울교통공사,역사 내 화장실,수세식,유,유,"남자화장실,여자화장실",2014,2020-09-28
공중화장실,동대문역(1),서울특별시 종로구 창신동 492-1 1호선 동대문역(1호선),서울특별시 종로구 창신동 4,N,4,6,2,0,1,1,12,2,1,서울교통공사,02-6110-1281,05:00~01:00,37.576087,127.02456,서울교통공사,역사 내 화장실,수세식,유,유,여자화장실,2016,2020-09-28
공중화장실,동묘앞역(1),서울특별시 종로구 숭인동 117 동묘앞역(1호선),서울특별시 종로구 숭인동 1,N,1,2,0,0,1,0,1,0,0,서울교통공사,02-6110-1271,05:00~01:00,37.573281,127.016649,서울교통공사,역사 내 화장실,수세식,유,유,여자화장실,2008이전,2020-09-28
공중화장실,동묘앞역(1),서울특별시 종로구 숭인동 117 동묘앞역(1호선),서울특별시 종로구 숭인동 1,N,1,2,0,0,0,0,6,0,1,서울교통공사,02-6110-1271,05:00~01:00,37.573281,127.016649,서울교통공사,역사 내 화장실,수세식,유,유,여자화장실,2008이전,2020-09-28
공중화장실,동묘앞역(1),서울특별시 종로구 숭인동 117 동묘앞역(1호선),서울특별시 종로구 숭인동 1,N,1,2,0,0,0,0,1,0,1,서울교통공사,02-6110-1271,05:00~01:00,37.573281,127.016649,서울교통공사,역사 내 화장실,수세식,유,유,여자화장실,2008이전,2020-09-28
공중화장실,동묘앞역(1),서울특별시 종로구 숭인동 117 동묘앞역(1호선),서울특별시 종로구 숭인동 1,N,1,2,0,0,1,0,3,0,0,서울교통공사,02-6110-1271,05:00~01:00,37.573281,127.016649,서울교통공사,역사 내 화장실,수세식,유,유,여자화장실,2008이전,2020-09-28
공중화장실,신설동역(1),서울특별시 동대문구 신설동 76-5 신설동역(1호선),서울특별시 동대문구 신설동 ,N,6,4,2,0,2,1,11,2,2,서울교통공사,02-6110-1261,05:00~01:00,37.578163,127.034687,서울교통공사,역사 내 화장실,수세식,유,유,"남자화장실,여자화장실",2014,2020-09-28
공중화장실,제기동역(1),서울특별시 동대문구 제기동 65 제기동역,서울특별시 동대문구 제기동 ,N,5,6,0,0,0,0,11,0,0,서울교통공사,02-6110-1251,05:00~01:00,37.579984,127.045547,서울교통공사,역사 내 화장실,수세식,유,유,"남자화장실,여자화장실",2010,2020-09-28
공중화장실,청량리역(1),서울특별시 동대문구 전농동 620-69 청량리역,서울특별시 동대문구 전농동 ,N,2,3,2,0,0,1,2,2,0,서울교통공사,02-6110-1241,05:00~01:00,37.561279,126.969321,서울교통공사,역사 내 화장실,수세식,유,유,여자화장실,2008이전,2020-09-28
공중화장실,시청역(2),서울특별시 중구 서소문동 90-1 시청역(2호선),서울특별시 중구 서소문동 9,N,5,4,1,0,0,0,10,1,0,서울교통공사,02-6110-2011,05:00~01:00,37.561279,126.969321,서울교통공사,역사 내 화장실,수세식,유,유,,2008이전,2020-09-28
공중화장실,시청역(2),서울특별시 중구 서소문동 90-1 시청역(2호선),서울특별시 중구 서소문동 9,N,4,5,2,0,0,0,9,2,0,서울교통공사,02-6110-2011,05:00~01:00,37.566066,126.982022,서울교통공사,역사 내 화장실,수세식,유,유,여자화장실,2013,2020-09-28
공중화장실,을지로입구역(2),서울특별시 중구 을지로1가 100-1 을지로입구역,서울특별시 중구 을지로1가 ,N,5,6,2,0,1,1,11,2,1,서울교통공사,02-6110-2021,05:00~01:00,37.566171,126.990203,서울교통공사,역사 내 화장실,수세식,유,유,"남자화장실,여자화장실",2009,2020-09-28
공중화장실,을지로3가역(2),서울특별시 중구 을지로3가 347-3 을지로3가역(2호선),서울특별시 중구 을지로3가 ,N,5,8,2,0,2,1,13,2,2,서울교통공사,02-6110-2031,05:00~01:00,37.566489,126.996528,서울교통공사,역사 내 화장실,수세식,유,유,"남자화장실,여자화장실",2009,2020-09-28
공중화장실,을지로4가역(2),서울특별시 중구 을지로4가 267-1 을지로4가역(2호선),서울특별시 중구 을지로4가 ,N,6,4,2,0,0,0,11,2,0,서울교통공사,02-6110-2041,05:00~01:00,37.565718,127.008485,서울교통공사,역사 내 화장실,수세식,유,유,"남자화장실,여자화장실",2012,2020-09-28
공중화장실,동대문역사문화공원역(2),서울특별시 중구 을지로 7가 112-3 동대문역사문화공원역(2호선),서울특별시 중구 을지로 7가,N,6,8,2,0,0,1,20,2,1,서울교통공사,02-6110-2051,05:00~01:00,37.565281,127.01664,서울교통공사,역사 내 화장실,수세식,유,유,"남자화장실,여자화장실",2010,2020-09-28
공중화장실,신당역(2),서울특별시 중구 신당동 99 신당역(2호선),서울특별시 중구 신당동 99,N,5,6,2,0,1,1,13,2,2,서울교통공사,02-6110-2061,05:00~01:00,37.563933,127.029793,서울교통공사,역사 내 화장실,수세식,유,유,"남자화장실,여자화장실",2008이전,2020-09-28
공중화장실,상왕십리역(2),서울특별시 성동구 하왕십리동 946-14 상왕십리역,서울특별시 성동구 하왕십리동,N,5,6,2,0,0,0,11,2,0,서울교통공사,02-6110-2071,05:00~01:00,37.562259,127.037228,서울교통공사,역사 내 화장실,수세식,유,유,"남자화장실,여자화장실",2008이전,2020-09-28
공중화장실,왕십리역(2),서울특별시 성동구 행당동 192 왕십리역(2호선),서울특별시 성동구 행당동 1,N,5,5,2,0,2,1,10,2,2,서울교통공사,02-6110-2081,05:00~01:00,37.555259,127.043658,서울교통공사,역사 내 화장실,수세식,유,유,여자화장실,2009,2020-09-28
공중화장실,한양대역(2),서울특별시 성동구 행당동 산17 17 한양대역,서울특별시 성동구 행당동 산,N,5,9,2,0,2,1,15,2,2,서울교통공사,02-6110-2091,05:00~01:00,37.547177,127.04738,서울교통공사,역사 내 화장실,수세식,유,유,"남자화장실,여자화장실",2010,2020-09-28
공중화장실,뚝섬역(2),서울특별시 성동구 성수동1가 656-745 뚝섬역,서울특별시 성동구 성수동1가,N,6,5,2,0,0,1,12,2,0,서울교통공사,02-6110-2101,05:00~01:00,37.544601,127.056885,서울교통공사,역사 내 화장실,수세식,유,유,"남자화장실,여자화장실",2012,2020-09-28
공중화장실,성수역(2),서울특별시 성동구 성수동2가 300-1 성수역,서울특별시 성동구 성수동2가,N,5,4,1,0,0,0,12,1,0,서울교통공사,02-6110-2111,05:00~01:00,37.558689,127.053172,서울교통공사,역사 내 화장실,수세식,유,유,"남자화장실,여자화장실",2008이전,2020-09-28
공중화장실,건대입구역(2),서울특별시 광진구 화양동 7-3 2호선 건대입구역(2호선),서울특별시 광진구 화양동 7,N,7,9,1,0,0,0,20,1,0,서울교통공사,02-6110-2121,05:00~01:00,37.576087,127.02456,서울교통공사,역사 내 화장실,수세식,유,유,"남자화장실,여자화장실",2009,2020-09-28
공중화장실,구의역(2),서울특별시 광진구 구의동 245-24 2호선 구의역,서울특별시 광진구 구의동 2,N,3,4,2,0,0,1,6,2,0,서울교통공사,02-6110-2131,05:00~01:00,37.573858,127.03799,서울교통공사,역사 내 화장실,수세식,유,유,"남자화장실,여자화장실",2008이전,2020-09-28
공중화장실,강변역(2),서울특별시 광진구 구의동 546-6 2호선 강변역,서울특별시 광진구 구의동 5,N,6,6,2,0,0,1,14,2,0,서울교통공사,02-6110-2141,05:00~01:00,37.573858,127.03799,서울교통공사,역사 내 화장실,수세식,유,유,"남자화장실,여자화장실",2009,2020-09-28
공중화장실,잠실나루역(2),서울특별시 송파구 신천동 15 잠실나루역,서울특별시 송파구 신천동 1,N,5,4,0,0,0,0,9,0,0,서울교통공사,02-6110-2151,05:00~01:00,37.573858,127.03799,서울교통공사,역사 내 화장실,수세식,유,유,"남자화장실,여자화장실",2010,2020-09-28
공중화장실,잠실역(2),서울특별시 송파구 잠실동 8 잠실역(2호선),서울특별시 송파구 잠실동 8,N,7,8,0,0,0,0,17,0,0,서울교통공사,02-6110-2161,05:00~01:00,37.573858,127.03799,서울교통공사,역사 내 화장실,수세식,유,유,"남자화장실,여자화장실",2009,2020-09-28
공중화장실,잠실새내역(2),서울특별시 송파구 잠실동 33 잠실새내역,서울특별시 송파구 잠실동 3,N,5,5,2,0,1,1,11,2,1,서울교통공사,02-6110-2171,05:00~01:00,37.540749,127.069001,서울교통공사,역사 내 화장실,수세식,유,유,"남자화장실,여자화장실",2010,2020-09-28
공중화장실,종합운동장역(2),서울특별시 송파구 잠실동 122 종합운동장역,서울특별시 송파구 잠실동 1,N,5,5,2,0,0,1,10,2,1,서울교통공사,02-6110-2181,05:00~01:00,37.538283,127.090755,서울교통공사,역사 내 화장실,수세식,유,유,"남자화장실,여자화장실",2010,2020-09-28
공중화장실,종합운동장역(2),서울특별시 송파구 잠실동 122 종합운동장역,서울특별시 송파구 잠실동 1,N,4,7,2,0,1,1,5,2,1,서울교통공사,02-6110-2181,05:00~01:00,37.535421,127.094533,서울교통공사,역사 내 화장실,수세식,유,유,여자화장실,2008이전,2020-09-28
공중화장실,삼성역(2),서울특별시 강남구 삼성동 172-66 삼성역,서울특별시 강남구 삼성동 1,N,5,9,2,0,2,1,14,2,2,서울교통공사,02-6110-2191,05:00~01:00,37.518622,127.1049,서울교통공사,역사 내 화장실,수세식,유,유,"남자화장실,여자화장실",2009,2020-09-28
공중화장실,선릉역(2),서울특별시 강남구 삼성동 172-66 선릉역,서울특별시 강남구 삼성동 1,N,6,4,2,0,2,1,11,2,2,서울교통공사,02-6110-2201,05:00~01:00,37.517661,127.074659,서울교통공사,역사 내 화장실,수세식,유,유,"남자화장실,여자화장실",2013,2020-09-28
공중화장실,역삼역(2),서울특별시 강남구 역삼동 804 역삼역,서울특별시 강남구 역삼동 8,N,5,5,2,0,2,1,9,2,2,서울교통공사,02-6110-2211,05:00~01:00,37.511568,127.090608,서울교통공사,역사 내 화장실,수세식,유,유,여자화장실,2008이전,2020-09-28
공중화장실,강남역(2),서울특별시 강남구 역삼동 858 강남역,서울특별시 강남구 역삼동 8,N,5,4,1,0,0,0,9,1,0,서울교통공사,02-6110-2221,05:00~01:00,37.511568,127.090608,서울교통공사,역사 내 화장실,수세식,유,유,"남자화장실,여자화장실",2009,2020-09-28
공중화장실,교대역(2),서울특별시 서초구 서초동 1748-4 교대역(2호선),서울특별시 서초구 서초동 1,N,5,5,2,0,2,1,10,2,2,서울교통공사,02-6110-2231,05:00~01:00,37.511568,127.090608,서울교통공사,역사 내 화장실,수세식,유,유,"남자화장실,여자화장실",2017,2020-09-28
공중화장실,서초역(2),서울특별시 서초구 서초동 1748-5 서초역,서울특별시 서초구 서초동 1,N,4,5,2,0,0,1,9,2,0,서울교통공사,02-6110-2241,05:00~01:00,37.508826,127.063067,서울교통공사,역사 내 화장실,수세식,유,유,"남자화장실,여자화장실",2010,2020-09-28
공중화장실,방배역(2),서울특별시 서초구 방배동 912-14 방배역,서울특별시 서초구 방배동 9,N,5,4,2,0,2,1,9,2,2,서울교통공사,02-6110-2251,05:00~01:00,37.508826,127.063067,서울교통공사,역사 내 화장실,수세식,유,유,"남자화장실,여자화장실",2009,2020-09-28
공중화장실,사당역(2),서울특별시 동작구 사당동 1129 사당역(2호선),서울특별시 동작구 사당동 1,N,3,4,2,0,0,0,7,2,0,서울교통공사,02-6110-2261,05:00~01:00,37.498128,127.028303,서울교통공사,역사 내 화장실,수세식,유,유,여자화장실,2008이전,2020-09-28
공중화장실,사당역(2),서울특별시 동작구 사당동 1129 사당역(2호선),서울특별시 동작구 사당동 1,N,6,7,2,0,0,1,14,2,0,서울교통공사,02-6110-2261,05:00~01:00,37.498128,127.028303,서울교통공사,역사 내 화장실,수세식,유,유,"남자화장실,여자화장실",2013,2020-09-28
공중화장실,낙성대역(2),서울특별시 관악구 봉천동 1693-39 2호선 낙성대역사,서울특별시 관악구 봉천동 1,N,6,5,1,0,0,0,11,1,0,서울교통공사,02-6110-2271,05:00~01:00,37.494847,127.017286,서울교통공사,역사 내 화장실,수세식,유,유,"남자화장실,여자화장실",2010,2020-09-28
공중화장실,서울대입구역(2),서울특별시 관악구 봉천동 979-2 서울대입구역사,서울특별시 관악구 봉천동 9,N,4,4,2,0,1,1,8,2,2,서울교통공사,02-6110-2281,05:00~01:00,37.492765,127.010541,서울교통공사,역사 내 화장실,수세식,유,유,"남자화장실,여자화장실",2018,2020-09-28
공중화장실,봉천역(2),서울툭별시 관악구 봉천동 979-7 2호선 봉천역사,서울툭별시 관악구 봉천동 9,N,3,4,2,0,0,1,6,2,0,서울교통공사,02-6110-2291,05:00~01:00,37.481297,126.99732,서울교통공사,역사 내 화장실,수세식,유,유,"남자화장실,여자화장실",2010,2020-09-28
공중화장실,신림역(2),서울특별시 관악구 신림동 1467-10 2호선 신림역사,서울특별시 관악구 신림동 1,N,6,7,1,0,0,0,13,1,0,서울교통공사,02-6110-2301,05:00~01:00,37.476484,126.981396,서울교통공사,역사 내 화장실,수세식,유,유,"남자화장실,여자화장실",2010,2020-09-28
공중화장실,신대방역(2),서울특별시 동작구 신대방동 643-1 신대방역 2호선,서울특별시 동작구 신대방동 ,N,5,4,2,0,2,1,13,2,2,서울교통공사,02-6110-2311,05:00~01:00,37.476484,126.981396,서울교통공사,역사 내 화장실,수세식,유,유,"남자화장실,여자화장실",2011,2020-09-28
공중화장실,구로디지털단지역(2),서울특별시 구로구 구로동 810-3 구로디지털단지역,서울특별시 구로구 구로동 8,N,4,6,2,0,1,1,10,2,2,서울교통공사,02-6110-2321,05:00~01:00,37.477028,126.963396,서울교통공사,역사 내 화장실,수세식,유,유,여자화장실,2019,2020-09-28
공중화장실,대림역(2),서울특별시 구로구 구로동 1204 대림역(2호선),서울특별시 구로구 구로동 1,N,7,8,1,1,0,1,15,1,0,서울교통공사,02-6110-2331,05:00~01:00,37.481113,126.952634,서울교통공사,역사 내 화장실,수세식,유,유,"남자화장실,여자화장실",2019,2020-09-28
공중화장실,신도림역(2),서울특별시 구로구 신도림동 460-26 2호선 신도림역,서울특별시 구로구 신도림동 ,N,5,8,2,0,1,1,14,2,2,서울교통공사,02-6110-2341,05:00~01:00,37.482518,126.941481,서울교통공사,역사 내 화장실,수세식,유,유,"남자화장실,여자화장실",2011,2020-09-28
공중화장실,신도림역(2),서울특별시 구로구 신도림동 460-26 2호선 신도림역,서울특별시 구로구 신도림동 ,N,8,5,2,1,2,1,13,2,2,서울교통공사,02-6110-2341,05:00~01:00,37.484178,126.929789,서울교통공사,역사 내 화장실,수세식,유,유,"남자화장실,여자화장실",2011,2020-09-28
공중화장실,문래역(2),서울특별시 영등포구 문래동3가 68-1문래역,서울특별시 영등포구 문래동3,N,5,7,2,0,1,1,14,2,1,서울교통공사,02-6110-2351,05:00~01:00,37.48751,126.912991,서울교통공사,역사 내 화장실,수세식,유,유,"남자화장실,여자화장실",2011,2020-09-28
공중화장실,영등포구청역(2),서울특별시 영등포구 당산동3가 270-1 영등포구청역(2호선),서울특별시 영등포구 당산동3,N,6,6,2,0,0,1,14,2,0,서울교통공사,02-6110-2361,05:00~01:00,37.485127,126.901529,서울교통공사,역사 내 화장실,수세식,유,유,"남자화장실,여자화장실",2009,2020-09-28
공중화장실,당산역(2),서울특별시 영등포구 당산동 6가 323-1 당산역,서울특별시 영등포구 당산동 ,N,5,4,2,0,1,2,10,2,1,서울교통공사,02-6110-2371,05:00~01:00,37.508687,126.890903,서울교통공사,역사 내 화장실,수세식,유,유,"남자화장실,여자화장실",2009,2020-09-28
공중화장실,합정역(2),서울특별시 마포구 서교동 393 합정역(2호선),서울특별시 마포구 서교동 3,N,4,6,2,0,2,2,16,2,2,서울교통공사,02-6110-2381,05:00~01:00,37.508687,126.890903,서울교통공사,역사 내 화장실,수세식,유,유,"남자화장실,여자화장실",2008이전,2020-09-28
공중화장실,홍대입구역(2),서울특별시 마포구 동교동 165 홍대입구역,서울특별시 마포구 동교동 1,N,7,8,2,0,0,0,21,2,0,서울교통공사,02-6110-2391,05:00~01:00,37.514401,126.882685,서울교통공사,역사 내 화장실,수세식,유,유,"남자화장실,여자화장실",2011,2020-09-28
공중화장실,신촌역(2),서울특별시 마포구 노고산동 31-11 신촌역,서울특별시 마포구 노고산동 ,N,5,7,2,0,1,1,12,2,1,서울교통공사,02-6110-2401,05:00~01:00,37.512518,126.865711,서울교통공사,역사 내 화장실,수세식,유,유,"남자화장실,여자화장실",2008이전,2020-09-28
공중화장실,이대역(2),서울특별시 마포구 염리동 8-85 이대역,서울특별시 마포구 염리동 8,N,6,7,2,0,2,1,13,2,2,서울교통공사,02-6110-2411,05:00~01:00,37.518294,126.853619,서울교통공사,역사 내 화장실,수세식,유,유,"남자화장실,여자화장실",2017,2020-09-28
공중화장실,아현역(2),서울특별시 마포구 아현동 354-23 아현역,서울특별시 마포구 아현동 3,N,3,3,2,0,1,1,6,2,2,서울교통공사,02-6110-2421,05:00~01:00,37.517887,126.894751,서울교통공사,역사 내 화장실,수세식,유,유,"남자화장실,여자화장실",2009,2020-09-28
공중화장실,충정로역(2),서울특별시 서대문구 충정로3가 319-1 충정로역(2호선),서울특별시 서대문구 충정로3,N,4,4,2,0,1,1,8,2,1,서울교통공사,02-6110-2431,05:00~01:00,37.525656,126.896614,서울교통공사,역사 내 화장실,수세식,유,유,"남자화장실,여자화장실",2018,2020-09-28
공중화장실,신설동역(2),서울특별시 동대문구 신설동 76-5 신설동역(2호선),서울특별시 동대문구 신설동 ,N,2,3,2,0,0,1,3,2,1,서울교통공사,02-6110-1371,05:00~01:00,37.534931,126.90273,서울교통공사,역사 내 화장실,수세식,유,유,여자화장실,2008이전,2020-09-28
공중화장실,용두역(2),서울특별시 동대문구 용두동 47-1 용두역,서울특별시 동대문구 용두동 ,N,2,3,2,0,0,1,4,2,1,서울교통공사,02-6110-1361,05:00~01:00,37.550008,126.914504,서울교통공사,역사 내 화장실,수세식,유,유,여자화장실,2008이전,2020-09-28
공중화장실,용두역(2),서울특별시 동대문구 용두동 47-1 용두역,서울특별시 동대문구 용두동 ,N,3,3,1,0,0,1,6,1,0,서울교통공사,02-6110-1361,05:00~01:00,37.556729,126.923642,서울교통공사,역사 내 화장실,수세식,유,유,여자화장실,2008이전,2020-09-28
공중화장실,용두역(2),서울특별시 동대문구 용두동 47-1 용두역,서울특별시 동대문구 용두동 ,N,1,2,2,0,0,1,3,2,1,서울교통공사,02-6110-1361,05:00~01:00,37.554667,126.9375,서울교통공사,역사 내 화장실,수세식,유,유,,2008이전,2020-09-28
공중화장실,용두역(2),서울특별시 동대문구 용두동 47-1 용두역,서울특별시 동대문구 용두동 ,N,1,2,1,0,0,0,3,1,0,서울교통공사,02-6110-1361,05:00~01:00,37.556813,126.947712,서울교통공사,역사 내 화장실,수세식,유,유,,2008이전,2020-09-28
공중화장실,신답역(2),서울특별시 성동구 용답동 129-2 신답역,서울특별시 성동구 용답동 1,N,2,3,2,0,2,1,3,2,2,서울교통공사,02-6110-1351,05:00~01:00,37.55589,126.955661,서울교통공사,역사 내 화장실,수세식,유,유,,2008이전,2020-09-28
공중화장실,용답역(2),서울특별시 성동구 용답동 127 용답역,서울특별시 성동구 용답동 1,N,2,3,2,0,0,0,4,2,0,서울교통공사,02-6110-1341,05:00~01:00,37.559493,126.963818,서울교통공사,역사 내 화장실,수세식,유,유,,2008이전,2020-09-28
공중화장실,도림천역(2),서울특별시 구로구 신도림동 323-16 도림천역,서울특별시 구로구 신도림동 ,N,3,5,2,0,1,1,3,2,2,서울교통공사,02-6110-2441,05:00~01:00,37.637537,126.918588,서울교통공사,역사 내 화장실,수세식,유,유,여자화장실,2008이전,2020-09-28
공중화장실,양천구청역(2),서울특별시 양천구 신정동 276-7 양천구청역,서울특별시 양천구 신정동 2,N,5,4,0,0,0,0,10,0,0,서울교통공사,02-6110-2451,05:00~01:00,37.618888,126.920832,서울교통공사,역사 내 화장실,수세식,유,유,"남자화장실,여자화장실",2014,2020-09-28
공중화장실,신정네거리역(2),서울특별시 양천구 신정동 1231 신정네거리역,서울특별시 양천구 신정동 1,N,4,5,1,0,0,0,9,1,0,서울교통공사,02-6110-2461,05:00~01:00,37.610483,126.929288,서울교통공사,역사 내 화장실,수세식,유,유,"남자화장실,여자화장실",2010,2020-09-28
공중화장실,구파발역(3),서울특별시 은평구 진관동 67-26 3호선 구파발역사무소,서울특별시 은평구 진관동 6,N,4,3,1,0,0,0,7,1,0,서울교통공사,02-6110-3201,05:00~01:00,37.600702,126.936005,서울교통공사,역사 내 화장실,수세식,유,유,"남자화장실,여자화장실",2010,2020-09-28
공중화장실,연신내역(3),서울특별시 은평구 갈현동 397 연신내역(3호선),서울특별시 은평구 갈현동 3,N,3,4,2,0,0,1,7,2,1,서울교통공사,02-6110-3211,05:00~01:00,37.588672,126.944227,서울교통공사,역사 내 화장실,수세식,유,유,"남자화장실,여자화장실",2018,2020-09-28
공중화장실,불광역(3),서울특별시 은평구 대조동 14-1 불광역(3호선),서울특별시 은평구 대조동 1,N,3,5,1,0,0,0,9,1,0,서울교통공사,02-6110-3221,05:00~01:00,37.582361,126.950438,서울교통공사,역사 내 화장실,수세식,유,유,"남자화장실,여자화장실",2015,2020-09-28
공중화장실,녹번역(3),서울특별시 은평구 녹번동 55 지하철3호선 녹번역,서울특별시 은평구 녹번동 5,N,5,5,2,0,1,1,10,2,2,서울교통공사,02-6110-3231,05:00~01:00,37.574301,126.955918,서울교통공사,역사 내 화장실,수세식,유,유,"남자화장실,여자화장실",2017,2020-09-28
공중화장실,홍제역(3),서울특별시 서대문구 홍제동 161-1 홍제역,서울특별시 서대문구 홍제동 ,N,4,5,1,0,0,0,10,1,0,서울교통공사,02-6110-3241,05:00~01:00,37.57582,126.973058,서울교통공사,역사 내 화장실,수세식,유,유,"남자화장실,여자화장실",2008이전,2020-09-28
공중화장실,무악재역(3),서울특별시 서대문구 홍제동 26-1 무악재역,서울특별시 서대문구 홍제동 ,N,3,4,2,0,1,1,3,2,2,서울교통공사,02-6110-3251,05:00~01:00,37.576696,126.985804,서울교통공사,역사 내 화장실,수세식,유,유,"남자화장실,여자화장실",2008이전,2020-09-28
공중화장실,독립문역(3),서울특별시 서대문구 현저동 101 독립문역,서울특별시 서대문구 현저동 ,N,3,4,2,1,1,1,7,2,2,서울교통공사,02-6110-3261,05:00~01:00,37.571196,126.991959,서울교통공사,역사 내 화장실,수세식,유,유,"남자화장실,여자화장실",2012,2020-09-28
공중화장실,경복궁역(3),서울특별시 종로구 적선동 81-1 3호선 경복궁역,서울특별시 종로구 적선동 8,N,5,5,0,0,0,0,11,0,0,서울교통공사,02-6110-3271,05:00~01:00,37.571196,126.991959,서울교통공사,역사 내 화장실,수세식,유,유,여자화장실,2016,2020-09-28
공중화장실,안국역(3),서울특별시 종로구 안국동 155-2 3호선 안국역,서울특별시 종로구 안국동 1,N,4,4,1,0,0,0,8,1,0,서울교통공사,02-6110-3281,05:00~01:00,37.566412,126.994185,서울교통공사,역사 내 화장실,수세식,유,유,"남자화장실,여자화장실",2012,2020-09-28
공중화장실,종로3가역(3),서울특별시 종로구 묘동 59 종로3가역(3호선),서울특별시 종로구 묘동 59,N,5,5,2,0,1,1,15,2,2,서울교통공사,02-6110-3291,05:00~01:00,37.559227,127.005275,서울교통공사,역사 내 화장실,수세식,유,유,,2010,2020-09-28
공중화장실,종로3가역(3),서울특별시 종로구 묘동 59 종로3가역(3호선),서울특별시 종로구 묘동 59,N,2,1,2,1,1,0,2,2,0,서울교통공사,02-6110-3291,05:00~01:00,37.55438,127.011016,서울교통공사,역사 내 화장실,수세식,유,유,"남자화장실,여자화장실",2008이전,2020-09-28
공중화장실,을지로3가역(3),서울특별시 중구 을지로3가 282-8 을지로3가역(3호선),서울특별시 중구 을지로3가 ,N,2,4,2,0,0,0,6,2,0,서울교통공사,02-6110-3301,05:00~01:00,37.548038,127.015883,서울교통공사,역사 내 화장실,수세식,유,유,"남자화장실,여자화장실",2019,2020-09-28
공중화장실,동대입구역(3),서울특별시 중구 장충동2가 199-3 동대입구역 3호선,서울특별시 중구 장충동2가 ,N,4,4,1,0,0,1,8,1,0,서울교통공사,02-6110-3321,05:00~01:00,37.546675,127.016245,서울교통공사,역사 내 화장실,수세식,유,유,"남자화장실,여자화장실",2010,2020-09-28
공중화장실,약수역(3),서울특별시 중구 신당동 369-44 약수역(3호선),서울특별시 중구 신당동 36,N,6,5,1,0,0,0,9,1,0,서울교통공사,02-6110-3331,05:00~01:00,37.569744,127.046945,서울교통공사,역사 내 화장실,수세식,유,유,"남자화장실,여자화장실",2012,2020-09-28
공중화장실,금호역(3),서울특별시 성동구 금호동4가 1470 금호역,서울특별시 성동구 금호동4가,N,6,7,0,0,0,0,5,0,0,서울교통공사,02-6110-3341,05:00~01:00,37.546675,127.016245,서울교통공사,역사 내 화장실,수세식,유,유,"남자화장실,여자화장실",2009,2020-09-28
공중화장실,옥수역(3),서울특별시 성동구 옥수동 168-1 옥수역,서울특별시 성동구 옥수동 1,N,3,5,2,0,1,1,8,2,1,서울교통공사,02-6110-3351,05:00~01:00,37.523526,127.028326,서울교통공사,역사 내 화장실,수세식,유,유,"남자화장실,여자화장실",2017,2020-09-28
공중화장실,옥수역(3),서울특별시 성동구 옥수동 168-1 옥수역,서울특별시 성동구 옥수동 1,N,2,5,2,0,1,1,2,2,1,서울교통공사,02-6110-3351,05:00~01:00,37.516392,127.020307,서울교통공사,역사 내 화장실,수세식,유,유,여자화장실,2008이전,2020-09-28
공중화장실,압구정역(3),서울특별시 강남구 신사동 668 압구정역,서울특별시 강남구 신사동 6,N,3,6,1,0,0,0,9,1,0,서울교통공사,02-6110-3361,05:00~01:00,37.513082,127.011857,서울교통공사,역사 내 화장실,수세식,유,유,"남자화장실,여자화장실",2009,2020-09-28
공중화장실,신사역(3),서울특별시 강남구 신사동 667 신사역,서울특별시 강남구 신사동 6,N,3,5,2,0,2,1,8,2,3,서울교통공사,02-6110-3371,05:00~01:00,37.494847,127.017286,서울교통공사,역사 내 화장실,수세식,유,유,여자화장실,2009,2020-09-28
공중화장실,잠원역(3),서울특별시 서초구 잠원동 100-1 잠원역,서울특별시 서초구 잠원동 1,N,3,4,2,0,1,1,7,2,1,서울교통공사,02-6110-3381,05:00~01:00,37.486661,127.015218,서울교통공사,역사 내 화장실,수세식,유,유,"남자화장실,여자화장실",2017,2020-09-28
공중화장실,교대역(3),서울특별시 서초구 서초동 1748-4 교대역(3호선),서울특별시 서초구 서초동 1,N,3,5,1,0,0,0,13,1,0,서울교통공사,02-6110-3401,05:00~01:00,37.484761,127.033371,서울교통공사,역사 내 화장실,수세식,유,유,"남자화장실,여자화장실",2009,2020-09-28
공중화장실,남부터미널역(3),서울특별시 서초구 서초동 1748-30 남부터미널역,서울특별시 서초구 서초동 1,N,3,6,1,0,0,0,6,1,0,서울교통공사,02-6110-3411,05:00~01:00,37.486941,127.046621,서울교통공사,역사 내 화장실,수세식,유,유,"남자화장실,여자화장실",2009,2020-09-28
공중화장실,양재역(3),서울특별시 서초구 서초동 1366-9 양재역,서울특별시 서초구 서초동 1,N,2,4,1,0,0,0,6,1,0,서울교통공사,02-6110-3421,05:00~01:00,37.490825,127.055306,서울교통공사,역사 내 화장실,수세식,유,유,"남자화장실,여자화장실",2019,2020-09-28
공중화장실,매봉역(3),서울특별시 강남구 도곡동 179-2 매봉역,서울특별시 강남구 도곡동 1,N,4,5,1,0,0,0,9,1,0,서울교통공사,02-6110-3431,05:00~01:00,37.494543,127.063426,서울교통공사,역사 내 화장실,수세식,유,유,"남자화장실,여자화장실",2019,2020-09-28
공중화장실,도곡역(3),서울특별시 강남구 도곡동 339-2 도곡역,서울특별시 강남구 도곡동 3,N,4,5,1,0,0,0,9,1,0,서울교통공사,02-6110-3441,05:00~01:00,37.496679,127.071705,서울교통공사,역사 내 화장실,수세식,유,유,"남자화장실,여자화장실",2019,2020-09-28
공중화장실,대치역(3),서울특별시 강남구 대치동 317-3 대치역,서울특별시 강남구 대치동 3,N,3,4,1,0,0,0,8,1,0,서울교통공사,02-6110-3451,05:00~01:00,37.493686,127.079479,서울교통공사,역사 내 화장실,수세식,유,유,"남자화장실,여자화장실",2015,2020-09-28
공중화장실,학여울역(3),서울특별시 강남구 대치동 514-3 학여울역,서울특별시 강남구 대치동 5,N,4,4,1,0,0,0,8,1,0,서울교통공사,02-6110-3461,05:00~01:00,37.483953,127.084413,서울교통공사,역사 내 화장실,수세식,유,유,"남자화장실,여자화장실",2018,2020-09-28
공중화장실,대청역(3),서울특별시 강남구 일원동 700-9 대청역,서울특별시 강남구 일원동 7,N,3,4,2,0,1,1,5,2,1,서울교통공사,02-6110-3471,05:00~01:00,37.48735,127.101842,서울교통공사,역사 내 화장실,수세식,유,유,여자화장실,2008이전,2020-09-28
공중화장실,일원역(3),서울특별시 강남구 일원동 717 일원역,서울특별시 강남구 일원동 7,N,3,5,0,0,0,1,8,0,3,서울교통공사,02-6110-3481,05:00~01:00,37.492898,127.118058,서울교통공사,역사 내 화장실,수세식,유,유,"남자화장실,여자화장실",2018,2020-09-28
공중화장실,수서역(3),서울특별시 강남구 수서동 728 수서역,서울특별시 강남구 수서동 7,N,3,5,2,0,0,1,8,2,3,서울교통공사,02-6110-3491,05:00~01:00,37.492898,127.118058,서울교통공사,역사 내 화장실,수세식,유,유,"남자화장실,여자화장실",2009,2020-09-28
공중화장실,가락시장역(3),서울특별시 송파구 가락동 184-23 가락시장역,서울특별시 송파구 가락동 1,N,1,2,0,0,1,1,5,0,1,서울교통공사,02-6110-3501,05:00~01:00,37.498322,127.125676,서울교통공사,역사 내 화장실,수세식,유,유,"남자화장실,여자화장실",2010,2020-09-28
공중화장실,가락시장역(3),서울특별시 송파구 가락동 184-23 가락시장역,서울특별시 송파구 가락동 1,N,3,4,2,0,0,1,8,2,2,서울교통공사,02-6110-3501,05:00~01:00,37.498322,127.125676,서울교통공사,역사 내 화장실,수세식,유,유,"남자화장실,여자화장실",2010,2020-09-28
공중화장실,경찰병원역(3),서울특별시 송파구 가락동 10-15 경찰병원역,서울특별시 송파구 가락동 1,N,2,3,0,0,1,0,2,0,1,서울교통공사,02-6110-3512,05:00~01:00,37.503246,127.126342,서울교통공사,역사 내 화장실,수세식,유,유,여자화장실,2010,2020-09-28
공중화장실,경찰병원역(3),서울특별시 송파구 가락동 10-15 경찰병원역,서울특별시 송파구 가락동 1,N,3,4,2,0,1,1,11,2,1,서울교통공사,02-6110-3512,05:00~01:00,37.503246,127.126342,서울교통공사,역사 내 화장실,수세식,유,유,,2010,2020-09-28
공중화장실,오금역(3),서울특별시 송파구 오금동 44-2 오금역,서울특별시 송파구 오금동 4,N,2,2,2,1,0,1,2,2,0,서울교통공사,02-6110-3522,05:00~01:00,37.670556,127.079306,서울교통공사,역사 내 화장실,수세식,유,유,여자화장실,2010,2020-09-28
공중화장실,오금역(3),서울특별시 송파구 오금동 44-2 오금역,서울특별시 송파구 오금동 4,N,3,3,2,0,2,1,11,2,2,서울교통공사,02-6110-3522,05:00~01:00,37.661095,127.073526,서울교통공사,역사 내 화장실,수세식,유,유,여자화장실,2010,2020-09-28
공중화장실,당고개역(4),서울특별시 노원구 상계동 111 당고개역,서울특별시 노원구 상계동 1,N,2,2,2,0,2,1,4,2,2,서울교통공사,02-6110-4091,05:00~01:00,37.655867,127.061991,서울교통공사,역사 내 화장실,수세식,유,유,"남자화장실,여자화장실",2010,2020-09-28
공중화장실,당고개역(4),서울특별시 노원구 상계동 111 당고개역,서울특별시 노원구 상계동 1,N,5,9,2,0,1,1,7,2,1,서울교통공사,02-6110-4091,05:00~01:00,37.653186,127.048114,서울교통공사,역사 내 화장실,수세식,유,유,여자화장실,2008이전,2020-09-28
공중화장실,상계역(4),서울특별시 노원구 상계동 156-203 상계역,서울특별시 노원구 상계동 1,N,3,5,1,0,0,0,8,1,0,서울교통공사,02-6110-4101,05:00~01:00,37.648811,127.034866,서울교통공사,역사 내 화장실,수세식,유,유,"남자화장실,여자화장실",2010,2020-09-28
공중화장실,노원역(4),서울특별시 노원구 상계동 602-5 노원역(4호선),서울특별시 노원구 상계동 6,N,6,6,2,0,2,1,15,2,2,서울교통공사,02-6110-4111,05:00~01:00,37.639775,127.027208,서울교통공사,역사 내 화장실,수세식,유,유,"남자화장실,여자화장실",2013,2020-09-28
공중화장실,창동역(4),서울특별시 도봉구 창동 135-1 창동역,서울특별시 도봉구 창동 13,N,4,7,1,0,0,0,17,1,0,서울교통공사,02-6110-4121,05:00~01:00,37.629878,127.024714,서울교통공사,역사 내 화장실,수세식,유,유,"남자화장실,여자화장실",2009,2020-09-28
공중화장실,쌍문역(4),서울특별시 도봉구 창동 703-4 쌍문역,서울특별시 도봉구 창동 70,N,5,5,2,0,1,1,11,2,1,서울교통공사,02-6110-4131,05:00~01:00,37.615104,127.030046,서울교통공사,역사 내 화장실,수세식,유,유,"남자화장실,여자화장실",2015,2020-09-28
공중화장실,수유역(4),서울특별시 강북구 수유동 140 수유역,서울특별시 강북구 수유동 1,N,3,6,2,0,2,1,9,2,2,서울교통공사,02-6110-4141,05:00~01:00,37.603225,127.024965,서울교통공사,역사 내 화장실,수세식,유,유,"남자화장실,여자화장실",2010,2020-09-28
공중화장실,미아역(4),서울특별시 강북구 미아동 194-1 미아역,서울특별시 강북구 미아동 1,N,5,6,2,0,2,1,7,2,2,서울교통공사,02-6110-4151,05:00~01:00,37.593048,127.016714,서울교통공사,역사 내 화장실,수세식,유,유,여자화장실,2008이전,2020-09-28
공중화장실,미아사거리역(4),서울특별시 강북구 미아동 66-1 미아사거리역,서울특별시 강북구 미아동 6,N,5,6,2,0,2,1,12,2,2,서울교통공사,02-6110-4161,05:00~01:00,37.492504,126.894962,서울교통공사,역사 내 화장실,수세식,유,유,"남자화장실,여자화장실",2008이전,2020-09-28
공중화장실,길음역(4),서울특별시 성북구 길음동 877-66 길음역,서울특별시 성북구 길음동 8,N,5,5,2,0,1,1,12,2,1,서울교통공사,02-6110-4171,05:00~01:00,37.581893,127.001953,서울교통공사,역사 내 화장실,수세식,유,유,"남자화장실,여자화장실",2013,2020-09-28
공중화장실,성신여대입구역(4),서울특별시 성북구 동선동4가 1 성신여대입구역,서울특별시 성북구 동선동4가,N,4,6,1,0,0,0,10,1,0,서울교통공사,02-6110-4181,05:00~01:00,37.570385,127.009529,서울교통공사,역사 내 화장실,수세식,유,유,"남자화장실,여자화장실",2011,2020-09-28
공중화장실,한성대입구역(4),서울특별시 성북구 삼선동1가 14 한성대입구역,서울특별시 성북구 삼선동1가,N,5,7,2,0,1,0,6,2,1,서울교통공사,02-6110-4191,05:00~01:00,37.564478,127.007159,서울교통공사,역사 내 화장실,수세식,유,유,여자화장실,2008이전,2020-09-28
공중화장실,혜화역(4),서울특별시 종로구 명륜4가 96-5 4호선 혜화역,서울특별시 종로구 명륜4가 ,N,4,6,2,0,1,0,10,2,1,서울교통공사,02-6110-4201,05:00~01:00,37.564478,127.007159,서울교통공사,역사 내 화장실,수세식,유,유,"남자화장실,여자화장실",2009,2020-09-28
공중화장실,동대문역(4),서울특별시 종로구 종로6가 287-1 동대문역(4호선),서울특별시 종로구 종로6가 ,N,2,4,2,0,0,1,6,2,1,서울교통공사,02-6110-4211,05:00~01:00,37.561159,126.994398,서울교통공사,역사 내 화장실,수세식,유,유,"남자화장실,여자화장실",2019,2020-09-28
공중화장실,동대문역사문화공원역(4),서울특별시 중구 광희동2가 9 동대문역사문화공원역(4호선),서울특별시 중구 광희동2가 ,N,3,5,1,0,0,0,12,1,0,서울교통공사,02-6110-4221,05:00~01:00,37.560822,126.985356,서울교통공사,역사 내 화장실,수세식,유,유,"남자화장실,여자화장실",2010,2020-09-28
공중화장실,동대문역사문화공원역(4),서울특별시 중구 광희동2가 9 동대문역사문화공원역(4호선),서울특별시 중구 광희동2가 ,N,3,5,2,1,1,1,12,2,2,서울교통공사,02-6110-4221,05:00~01:00,37.55903,126.977252,서울교통공사,역사 내 화장실,수세식,유,유,"남자화장실,여자화장실",2010,2020-09-28
공중화장실,충무로역(4),"서울특별시 중구 필동2가 16-2 충무로역(3, 4호선)",서울특별시 중구 필동2가 1,N,6,5,1,0,0,0,14,1,0,서울교통공사,02-6110-4231,05:00~01:00,37.535982,126.971351,서울교통공사,역사 내 화장실,수세식,유,유,여자화장실,2012,2020-09-28
공중화장실,명동역(4),서울특별시 중구 충무로2가 109-2 명동역 4호선,서울특별시 중구 충무로2가 ,N,4,5,2,1,2,1,9,2,2,서울교통공사,02-6110-4241,05:00~01:00,37.545528,126.97197,서울교통공사,역사 내 화장실,수세식,유,유,"남자화장실,여자화장실",2017,2020-09-28
공중화장실,회현역(4),서울특별시 중구 남창동 64-1 회현역 4호선,서울특별시 중구 남창동 64,N,4,4,2,0,1,1,8,2,1,서울교통공사,02-6110-4251,05:00~01:00,37.534394,126.973014,서울교통공사,역사 내 화장실,수세식,유,유,"남자화장실,여자화장실",2012,2020-09-28
공중화장실,서울역(4),서울특별시 중구 용산구 동자동 14-151 서울역(4호선),서울특별시 중구 용산구 동자,N,5,4,1,0,0,0,10,1,0,서울교통공사,02-6110-4261,05:00~01:00,37.529364,126.968299,서울교통공사,역사 내 화장실,수세식,유,유,"남자화장실,여자화장실",2015,2020-09-28
공중화장실,숙대입구역(4),서울특별시 용산구 갈월동 16-7 숙대입구역,서울특별시 용산구 갈월동 1,N,4,6,2,0,1,1,10,2,1,서울교통공사,02-6110-4271,05:00~01:00,37.522481,126.973671,서울교통공사,역사 내 화장실,수세식,유,유,"남자화장실,여자화장실",2012,2020-09-28
공중화장실,삼각지역(4),서울특별시 용산구 한강로1가 228-1 삼각지역(4호선),서울특별시 용산구 한강로1가,N,3,3,2,1,1,1,9,2,1,서울교통공사,02-6110-4281,05:00~01:00,37.503465,126.979927,서울교통공사,역사 내 화장실,수세식,유,유,"남자화장실,여자화장실",2010,2020-09-28
공중화장실,신용산역(4),서울특별시 용산구 한강로2가 181 4호선 신용산역,서울특별시 용산구 한강로2가,N,4,6,1,0,0,0,10,1,0,서울교통공사,02-6110-4291,05:00~01:00,37.487514,126.982162,서울교통공사,역사 내 화장실,수세식,유,유,여자화장실,2016,2020-09-28
공중화장실,이촌역(4),서울특별시 용산구 용산동5가 17-112 4호선 이촌역,서울특별시 용산구 용산동5가,N,4,4,2,0,1,1,11,2,1,서울교통공사,02-6110-4301,05:00~01:00,37.476825,126.981583,서울교통공사,역사 내 화장실,수세식,유,유,"남자화장실,여자화장실",2012,2020-09-28
공중화장실,동작역(4),서울특별시 동작구 동작동 327-1 4호선 동작역,서울특별시 동작구 동작동 3,N,5,5,2,0,2,0,15,2,3,서울교통공사,02-6110-4311,05:00~01:00,37.476825,126.981583,서울교통공사,역사 내 화장실,수세식,유,유,"남자화장실,여자화장실",2010,2020-09-28
공중화장실,총신대입구역(4),서울특별시 동작구 사당동 736-1 총신대역4호선,서울특별시 동작구 사당동 7,N,3,4,1,0,0,0,7,1,0,서울교통공사,02-6110-4321,05:00~01:00,37.476825,126.981583,서울교통공사,역사 내 화장실,수세식,유,유,여자화장실,2016,2020-09-28
공중화장실,사당역(4),서울특별시 동작구 사당동 588-4 사당역(4호선),서울특별시 동작구 사당동 5,N,3,4,2,0,0,0,6,2,0,서울교통공사,02-6110-4331,05:00~01:00,37.464364,126.98927,서울교통공사,역사 내 화장실,수세식,유,유,"남자화장실,여자화장실",2009,2020-09-28
공중화장실,사당역(4),서울특별시 동작구 사당동 588-4 사당역(4호선),서울특별시 동작구 사당동 5,N,4,7,1,0,0,1,12,1,0,서울교통공사,02-6110-4331,05:00~01:00,37.670556,127.079306,서울교통공사,역사 내 화장실,수세식,유,유,"남자화장실,여자화장실",2009,2020-09-28
공중화장실,사당역(4),서울특별시 동작구 사당동 588-4 사당역(4호선),서울특별시 동작구 사당동 5,N,5,5,1,0,0,0,10,1,0,서울교통공사,02-6110-4331,05:00~01:00,37.546675,127.016245,서울교통공사,역사 내 화장실,수세식,유,유,여자화장실,2008이전,2020-09-28
공중화장실,남태령역(4),서울특별시 서초구 방배동 2909 남태령역,서울특별시 서초구 방배동 2,N,3,5,1,0,0,0,3,1,0,서울교통공사,02-6110-4341,05:00~01:00,37.588021,127.005797,서울교통공사,역사 내 화장실,수세식,유,유,여자화장실,2008이전,2020-09-28
공중화장실,방화역(5),서울특별시 강서구 방화동 829-15 방화역,서울특별시 강서구 방화동 8,N,3,4,1,0,1,0,7,1,1,서울교통공사,02-6311-5101,05:00~01:00,37.577622,126.810637,서울교통공사,역사 내 화장실,수세식,유,유,"남자화장실,여자화장실",2015,2020-09-28
공중화장실,개화산역(5),서울특별시 강서구 방화동 846 개화산역,서울특별시 강서구 방화동 8,N,2,3,1,1,1,0,5,1,1,서울교통공사,02-6311-5111,05:00~01:00,37.572455,126.80465,서울교통공사,역사 내 화장실,수세식,유,유,"남자화장실,여자화장실",2015,2020-09-28
공중화장실,김포공항역(5),서울특별시 강서구 방화동 886 김포공항역,서울특별시 강서구 방화동 8,N,1,2,1,0,0,0,2,1,0,서울교통공사,02-6311-5121,05:00~01:00,37.561829,126.799739,서울교통공사,역사 내 화장실,수세식,유,유,,2008이전,2020-09-28
공중화장실,김포공항역(5),서울특별시 강서구 방화동 886 김포공항역,서울특별시 강서구 방화동 8,N,3,4,0,0,0,0,7,0,0,서울교통공사,02-6311-5121,05:00~01:00,37.561829,126.799739,서울교통공사,역사 내 화장실,수세식,유,유,"남자화장실,여자화장실",2008이전,2020-09-28
공중화장실,송정역(5),서울특별시 강서구 공항동 29-5 송정역,서울특별시 강서구 공항동 2,N,2,4,1,0,0,0,8,1,0,서울교통공사,02-6311-5131,05:00~01:00,36.344485,126.875648,서울교통공사,역사 내 화장실,수세식,유,유,"남자화장실,여자화장실",2008이전,2020-09-28
공중화장실,마곡역(5),서울특별시 강서구 가양동 530-6 마곡역,서울특별시 강서구 가양동 5,N,2,5,1,0,0,0,7,1,0,서울교통공사,02-6311-5141,05:00~01:00,37.561084,126.823603,서울교통공사,역사 내 화장실,수세식,유,유,"남자화장실,여자화장실",2008이전,2020-09-28
공중화장실,발산역(5),서울특별시 강서구 가양동 967-3 발산역,서울특별시 강서구 가양동 9,N,3,4,1,0,1,0,8,1,1,서울교통공사,02-6311-5151,05:00~01:00,37.558683,126.835406,서울교통공사,역사 내 화장실,수세식,유,유,"남자화장실,여자화장실",2009,2020-09-28
공중화장실,우장산역(5),서울특별시 강서구 화곡동 1089-3 우장산역,서울특별시 강서구 화곡동 1,N,3,3,1,0,1,0,6,1,1,서울교통공사,02-6311-5161,05:00~01:00,37.558683,126.82884,서울교통공사,역사 내 화장실,수세식,유,유,"남자화장실,여자화장실",2009,2020-09-28
공중화장실,화곡역(5),서울특별시 강서구 화곡동 1089-54 화곡역,서울특별시 강서구 화곡동 1,N,4,7,1,0,1,0,11,1,1,서울교통공사,02-6311-5171,05:00~01:00,37.541578,126.838247,서울교통공사,역사 내 화장실,수세식,유,유,"남자화장실,여자화장실",2009,2020-09-28
공중화장실,까치산역(5),서울특별시 강서구 화곡동 662-5 까치산역(5호선),서울특별시 강서구 화곡동 6,N,7,8,1,0,1,0,16,1,1,서울교통공사,02-6311-5181,05:00~01:00,37.531768,126.844517,서울교통공사,역사 내 화장실,수세식,유,유,"남자화장실,여자화장실",2009,2020-09-28
공중화장실,신정역(5),서울특별시 양천구 신정동 1090 신정역,서울특별시 양천구 신정동 1,N,3,5,1,0,1,0,8,1,1,서울교통공사,02-6311-5191,05:00~01:00,37.524977,126.853975,서울교통공사,역사 내 화장실,수세식,유,유,"남자화장실,여자화장실",2009,2020-09-28
공중화장실,목동역(5),서울특별시 양천구 목동 926-3 목동역,서울특별시 양천구 목동 92,N,3,4,1,0,0,0,7,1,0,서울교통공사,02-6311-5201,05:00~01:00,37.526072,126.862112,서울교통공사,역사 내 화장실,수세식,유,유,"남자화장실,여자화장실",2008이전,2020-09-28
공중화장실,오목교역(5),서울특별시 양천구 목동 406-30 오목교역,서울특별시 양천구 목동 40,N,2,6,1,0,0,0,5,1,0,서울교통공사,02-6311-5211,05:00~01:00,37.524553,126.872861,서울교통공사,역사 내 화장실,수세식,유,유,"남자화장실,여자화장실",2008이전,2020-09-28
공중화장실,양평역(5),서울특별시 영등포구 양평동2가 33-79 양평역 ,서울특별시 영등포구 양평동2,N,3,4,1,0,1,0,8,1,1,서울교통공사,02-6311-5221,05:00~01:00,37.509109,127.049088,서울교통공사,역사 내 화장실,수세식,유,유,"남자화장실,여자화장실",2009,2020-09-28
공중화장실,영등포구청역(5),서울특별시 영등포구 당산동3가 556-1 영등포구청역(5호선),서울특별시 영등포구 당산동3,N,3,3,1,0,0,0,8,1,0,서울교통공사,02-6311-5231,05:00~01:00,37.526714,126.893067,서울교통공사,역사 내 화장실,수세식,유,유,"남자화장실,여자화장실",2011,2020-09-28
공중화장실,영등포시장역(5),서울특별시 영등포구 영등포동5가 62-1 영등포시장역,서울특별시 영등포구 영등포동,N,4,4,1,0,1,0,9,1,1,서울교통공사,02-6311-5241,05:00~01:00,37.521638,126.902798,서울교통공사,역사 내 화장실,수세식,유,유,"남자화장실,여자화장실",2010,2020-09-28
공중화장실,신길역(5),서울특별시 영등포구 영등포동1가 35 신길역,서울특별시 영등포구 영등포동,N,3,5,1,0,1,0,9,1,1,서울교통공사,02-6311-5251,05:00~01:00,37.517346,126.914221,서울교통공사,역사 내 화장실,수세식,유,유,"남자화장실,여자화장실",2015,2020-09-28
공중화장실,여의도역(5),서울특별시 영등포구 여의도동 3 여의도역,서울특별시 영등포구 여의도동,N,5,8,1,0,0,0,10,1,0,서울교통공사,02-6311-5261,05:00~01:00,37.52157,126.922123,서울교통공사,역사 내 화장실,수세식,유,유,"남자화장실,여자화장실",2008 이전,2020-09-28
공중화장실,여의나루역(5),서울특별시 영등포구 여의도동 84-4 여의나루역,서울특별시 영등포구 여의도동,N,5,8,1,0,1,0,15,1,1,서울교통공사,02-6311-5271,05:00~01:00,37.527141,126.930621,서울교통공사,역사 내 화장실,수세식,유,유,"남자화장실,여자화장실",2008 이전,2020-09-28
공중화장실,마포역(5),서울특별시 마포구 도화동 160 마포역,서울특별시 마포구 도화동 1,N,3,5,1,0,0,0,8,1,0,서울교통공사,02-6311-5281,05:00~01:00,37.539705,126.943851,서울교통공사,역사 내 화장실,수세식,유,유,"남자화장실,여자화장실",2008 이전,2020-09-28
공중화장실,공덕역(5),"서울특별시 마포구 공덕동 423-29 공덕역(5, 6호선)",서울특별시 마포구 공덕동 4,N,3,5,1,0,0,0,7,1,0,서울교통공사,02-6311-5291,05:00~01:00,37.54322,126.949387,서울교통공사,역사 내 화장실,수세식,유,유,"남자화장실,여자화장실",2008 이전,2020-09-28
공중화장실,애오개역(5),서울특별시 마포구 아현동 612 애오개역,서울특별시 마포구 아현동 6,N,4,5,1,0,1,0,9,1,1,서울교통공사,02-6311-5301,05:00~01:00,37.55359,126.95455,서울교통공사,역사 내 화장실,수세식,유,유,"남자화장실,여자화장실",2012,2020-09-28
공중화장실,충정로역(5),서울특별시 서대문구 충정로3가 248-1 충정로역(5호선),서울특별시 서대문구 충정로3,N,2,3,1,0,1,0,5,1,1,서울교통공사,02-6311-5311,05:00~01:00,37.560055,126.961483,서울교통공사,역사 내 화장실,수세식,유,유,"남자화장실,여자화장실",2012,2020-09-28
공중화장실,서대문역(5),서울특별시 종로구 평동 210 서대문역,서울특별시 종로구 평동 21,N,5,7,1,0,1,0,12,1,1,서울교통공사,02-6311-5321,05:00~01:00,37.56577,126.964461,서울교통공사,역사 내 화장실,수세식,유,유,"남자화장실,여자화장실",2009,2020-09-28
공중화장실,광화문역(5),서울특별시 종로구 세종로 1-90 광화문역,서울특별시 종로구 세종로 1,N,3,5,1,0,0,0,8,1,0,서울교통공사,02-6311-5331,05:00~01:00,37.568666,126.969794,서울교통공사,역사 내 화장실,수세식,유,유,"남자화장실,여자화장실",2008 이전,2020-09-28
공중화장실,종로3가역(5),서울특별시 종로구 낙원동 126 종로3가역(5호선),서울특별시 종로구 낙원동 1,N,5,6,1,0,1,0,13,1,1,서울교통공사,02-6311-5341,05:00~01:00,37.5715,126.989059,서울교통공사,역사 내 화장실,수세식,유,유,"남자화장실,여자화장실",2012,2020-09-28
공중화장실,을지로4가역(5),서울특별시 중구 을지로4가 192 을지로4가역(5호선),서울특별시 중구 을지로4가 ,N,3,4,1,0,1,0,7,1,1,서울교통공사,02-6311-5351,05:00~01:00,37.567015,126.995642,서울교통공사,역사 내 화장실,수세식,유,유,"남자화장실,여자화장실",2010,2020-09-28
공중화장실,동대문역사문화공원역(5),서울특별시 중구 광희동1가 235-6 동대문역사문화공원역(5호선),서울특별시 중구 광희동1가 ,N,4,4,1,0,1,0,10,1,1,서울교통공사,02-6311-5361,05:00~01:00,37.565102,127.005576,서울교통공사,역사 내 화장실,수세식,유,유,"남자화장실,여자화장실",2009,2020-09-28
공중화장실,신금호역(5),서울특별시 성동구 금호동2가 223-1 신금호역,서울특별시 성동구 금호동2가,N,3,5,1,0,1,0,8,1,1,서울교통공사,02-6311-5381,05:00~01:00,37.554468,127.018605,서울교통공사,역사 내 화장실,수세식,유,유,"남자화장실,여자화장실",2009,2020-09-28
공중화장실,행당역(5),서울특별시 성동구 행당동 317-241 행당역,서울특별시 성동구 행당동 3,N,5,5,1,0,1,0,10,1,1,서울교통공사,02-6311-5391,05:00~01:00,37.557983,127.026318,서울교통공사,역사 내 화장실,수세식,유,유,"남자화장실,여자화장실",2009,2020-09-28
공중화장실,왕십리역(5),서울특별시 성동구 행당동 192 왕십리역(5호선),서울특별시 성동구 행당동 1,N,5,5,1,0,1,0,15,1,1,서울교통공사,02-6311-5401,05:00~01:00,37.557983,127.018657,서울교통공사,역사 내 화장실,수세식,유,유,"남자화장실,여자화장실",2010,2020-09-28
공중화장실,마장역(5),서울특별시 성동구 마장동 772 마장역,서울특별시 성동구 마장동 7,N,4,3,1,0,1,0,7,1,1,서울교통공사,02-6311-5411,05:00~01:00,37.566127,127.040776,서울교통공사,역사 내 화장실,수세식,유,유,"남자화장실,여자화장실",2013,2020-09-28
공중화장실,답십리역(5),서울특별시 성동구 용답동 99 답십리역,서울특별시 성동구 용답동 9,N,4,6,1,0,0,0,10,1,0,서울교통공사,02-6311-5421,05:00~01:00,37.567072,127.050193,서울교통공사,역사 내 화장실,수세식,유,유,"남자화장실,여자화장실",2008,2020-09-28
공중화장실,장한평역(5),서울특별시 동대문구 장안동 472-3 장한평역,서울특별시 동대문구 장안동 ,N,4,5,1,0,0,0,9,1,0,서울교통공사,02-6311-5431,05:00~01:00,37.561472,127.062468,서울교통공사,역사 내 화장실,수세식,유,유,"남자화장실,여자화장실",2006,2020-09-28
공중화장실,군자역(5),"서울특별시 광진구 능동 275-5 군자역(5, 7호선)",서울특별시 광진구 능동 27,N,7,6,1,0,1,0,19,1,1,서울교통공사,02-6311-5441,05:00~01:00,37.557336,127.0774,서울교통공사,역사 내 화장실,수세식,유,유,"남자화장실,여자화장실",2010,2020-09-28
공중화장실,아차산역(5),서울특별시 광진구 능동 256-16 아차산역,서울특별시 광진구 능동 25,N,4,4,1,0,1,0,9,1,1,서울교통공사,02-6311-5451,05:00~01:00,37.551959,127.087363,서울교통공사,역사 내 화장실,수세식,유,유,"남자화장실,여자화장실",2015,2020-09-28
공중화장실,광나루역(5),서울특별시 광진구 광장동 237 광나루역,서울특별시 광진구 광장동 2,N,6,6,1,0,1,0,14,1,1,서울교통공사,02-6311-5461,05:00~01:00,37.545332,127.101417,서울교통공사,역사 내 화장실,수세식,유,유,"남자화장실,여자화장실",2012,2020-09-28
공중화장실,천호역(5),"서울특별시 강동구 천호동 455 천호역(5, 8호선)",서울특별시 강동구 천호동 4,N,6,11,1,0,1,0,17,1,1,서울교통공사,02-6311-5471,05:00~01:00,37.538462,127.122905,서울교통공사,역사 내 화장실,수세식,유,유,"남자화장실,여자화장실",2009,2020-09-28
공중화장실,강동역(5),서울특별시 강동구 천호동 447 강동역,서울특별시 강동구 천호동 4,N,5,8,1,0,1,0,13,1,1,서울교통공사,02-6311-5481,05:00~01:00,37.53594,127.1299,서울교통공사,역사 내 화장실,수세식,유,유,"남자화장실,여자화장실",2012,2020-09-28
공중화장실,길동역(5),서울특별시 강동구 길동 378 길동역,서울특별시 강동구 길동 37,N,3,4,1,0,1,0,7,1,1,서울교통공사,02-6311-5491,05:00~01:00,37.537769,127.137803,서울교통공사,역사 내 화장실,수세식,유,유,"남자화장실,여자화장실",2014,2020-09-28
공중화장실,굽은다리역(5),서울특별시 강동구 명일동 345-12 굽은다리역,서울특별시 강동구 명일동 3,N,3,4,1,0,0,0,7,1,0,서울교통공사,02-6311-5501,05:00~01:00,37.545539,127.140717,서울교통공사,역사 내 화장실,수세식,유,유,"남자화장실,여자화장실",2008,2020-09-28
공중화장실,명일역(5),서울특별시 강동구 명일동 312 명일역,서울특별시 강동구 명일동 3,N,3,5,1,0,0,0,8,1,0,서울교통공사,02-6311-5511,05:00~01:00,37.55131,127.141825,서울교통공사,역사 내 화장실,수세식,유,유,"남자화장실,여자화장실",2008,2020-09-28
공중화장실,고덕역(5),서울특별시 강동구 고덕동 310 고덕역,서울특별시 강동구 고덕동 3,N,3,3,1,0,1,0,6,1,1,서울교통공사,02-6311-5521,05:00~01:00,37.555051,127.151921,서울교통공사,역사 내 화장실,수세식,유,유,"남자화장실,여자화장실",2012,2020-09-28
공중화장실,상일동역(5),서울특별시 강동구 상일동 148 상일동역,서울특별시 강동구 상일동 1,N,3,5,1,0,1,0,8,1,1,서울교통공사,02-6311-5531,05:00~01:00,37.557055,127.166995,서울교통공사,역사 내 화장실,수세식,유,유,"남자화장실,여자화장실",2015,2020-09-28
공중화장실,미사역(5),경기도 하남시 미사강변동로 지하90 미사역,경기도 하남시 망월동 1122,N,4,5,2,1,1,0,15,2,1,서울교통공사,02-6311-5621,05:00~01:01,37.563355,127.192636,서울교통공사,역사 내 화장실,수세식,유,유,"남자화장실,여자화장실",2020,2020-09-28
공중화장실,하남풍산역(5),경기도 하남시 덕풍서로 50 하남풍산역,경기도 하남시 덕풍동 727-3,N,4,6,1,0,1,2,15,1,1,서울교통공사,02-6311-5631,05:00~01:01,37.552026,127.203768,서울교통공사,역사 내 화장실,수세식,유,유,"남자화장실,여자화장실",2020,2020-09-28
공중화장실,둔촌동역(5),서울특별시 강동구 둔촌동 416 둔촌동역,서울특별시 강동구 둔촌동 4,N,3,5,1,0,0,0,8,1,0,서울교통공사,02-6311-5541,05:00~01:00,37.527657,127.134042,서울교통공사,역사 내 화장실,수세식,유,유,"남자화장실,여자화장실",2008,2020-09-28
공중화장실,올림픽공원역(5),서울특별시 송파구 방이동 89-28 올림픽공원역,서울특별시 송파구 방이동 8,N,3,3,1,0,1,0,6,1,1,서울교통공사,02-6311-5551,05:00~01:00,37.516628,127.128901,서울교통공사,역사 내 화장실,수세식,유,유,"남자화장실,여자화장실",2010,2020-09-28
공중화장실,방이역(5),서울특별시 송파구 방이동 217-2 방이역,서울특별시 송파구 방이동 2,N,3,4,1,0,1,0,7,1,1,서울교통공사,02-6311-5561,05:00~01:00,37.508559,127.123771,서울교통공사,역사 내 화장실,수세식,유,유,"남자화장실,여자화장실",2013,2020-09-28
공중화장실,오금역(5),서울특별시 송파구 오금동 44-2 오금역,서울특별시 송파구 오금동 4,N,2,3,1,0,1,0,5,1,1,서울교통공사,02-6110-3522,05:00~01:00,37.502234,127.126165,서울교통공사,역사 내 화장실,수세식,유,유,"남자화장실,여자화장실",2014,2020-09-28
공중화장실,개롱역(5),서울특별시 송파구 오금동 165-2 개롱역,서울특별시 송파구 오금동 1,N,3,3,1,0,1,0,6,1,1,서울교통공사,02-6311-5581,05:00~01:00,37.498162,127.132471,서울교통공사,역사 내 화장실,수세식,유,유,"남자화장실,여자화장실",2013,2020-09-28
공중화장실,거여역(5),서울특별시 송파구 거여동 20-14 거여역,서울특별시 송파구 거여동 2,N,3,3,1,0,1,0,6,1,1,서울교통공사,02-6311-5591,05:00~01:00,37.494249,127.13979,서울교통공사,역사 내 화장실,수세식,유,유,"남자화장실,여자화장실",2013,2020-09-28
공중화장실,마천역(5),서울특별시 송파구 마천동 307-4 마천역,서울특별시 송파구 마천동 3,N,5,7,1,0,1,0,15,1,1,서울교통공사,02-6311-5601,05:00~01:00,37.49502,127.150601,서울교통공사,역사 내 화장실,수세식,유,유,"남자화장실,여자화장실",2009,2020-09-28
공중화장실,응암역(6),서울특별시 은평구 역촌동 85-41 응암역,서울특별시 은평구 역촌동 8,N,3,4,1,0,1,0,7,1,1,서울교통공사,02-6311-6101,05:00~01:00,37.598472,126.913403,서울교통공사,역사 내 화장실,수세식,유,유,"남자화장실,여자화장실",2016,2020-09-28
공중화장실,역촌역(6),서울특별시 은평구 녹번동 144-69 역촌역,서울특별시 은평구 녹번동 1,N,3,3,1,0,0,0,6,1,0,서울교통공사,02-6311-6111,05:00~01:00,37.60515,126.919893,서울교통공사,역사 내 화장실,수세식,유,유,"남자화장실,여자화장실",2018,2020-09-28
공중화장실,불광역(6),서울특별시 은평구 대조동 14-1 불광역(6호선),서울특별시 은평구 대조동 1,N,2,3,1,0,0,0,6,1,0,서울교통공사,02-6311-6121,05:00~01:00,37.610098,126.928007,서울교통공사,역사 내 화장실,수세식,유,유,"남자화장실,여자화장실",2018,2020-09-28
공중화장실,독바위역(6),서울특별시 은평구 불광동 13-33 독바위역,서울특별시 은평구 불광동 1,N,2,3,1,0,0,0,5,1,0,서울교통공사,02-6311-6131,05:00~01:00,37.618387,126.930848,서울교통공사,역사 내 화장실,수세식,유,유,"남자화장실,여자화장실",2018,2020-09-28
공중화장실,연신내역(6),서울특별시 은평구 갈현동 397 연신내역,서울특별시 은평구 갈현동 3,N,3,3,0,0,0,0,6,0,0,서울교통공사,02-6110-3211,05:00~01:00,37.618812,126.918653,서울교통공사,역사 내 화장실,수세식,유,유,"남자화장실,여자화장실",2017,2020-09-28
공중화장실,구산역(6),서울특별시 은평구 구산동 1 구산역,서울특별시 은평구 구산동 1,N,2,3,1,0,0,0,6,1,0,서울교통공사,02-6311-6151,05:00~01:00,37.611025,126.915399,서울교통공사,역사 내 화장실,수세식,유,유,"남자화장실,여자화장실",2018,2020-09-28
공중화장실,새절역(6),서울특별시 은평구 신사동 337-5 새절역,서울특별시 은평구 신사동 3,N,2,6,1,0,0,0,5,1,0,서울교통공사,02-6311-6161,05:00~01:00,37.591014,126.911393,서울교통공사,역사 내 화장실,수세식,유,유,"남자화장실,여자화장실",2008이전,2020-09-28
공중화장실,증산역(6),서울특별시 은평구 증산동 199-8 증산역,서울특별시 은평구 증산동 1,N,4,8,1,0,0,0,12,1,0,서울교통공사,02-6311-6171,05:00~01:00,37.583933,126.907497,서울교통공사,역사 내 화장실,수세식,유,유,"남자화장실,여자화장실",2008이전,2020-09-28
공중화장실,디지털미디어시티역(6),서울특별시 은평구 수색동 37-36 디지털미디어시티역,서울특별시 은평구 수색동 3,N,5,13,1,0,0,0,10,1,0,서울교통공사,02-6311-6181,05:00~01:00,37.577964,126.898232,서울교통공사,역사 내 화장실,수세식,유,유,"남자화장실,여자화장실",2008이전,2020-09-28
공중화장실,디지털미디어시티역(6),서울특별시 은평구 수색동 37-36 디지털미디어시티역,서울특별시 은평구 수색동 3,N,2,4,1,0,0,0,6,1,0,서울교통공사,02-6311-6181,05:00~01:00,37.577964,126.898232,서울교통공사,역사 내 화장실,수세식,유,유,"남자화장실,여자화장실",2019,2020-09-28
공중화장실,월드컵경기장역(6),서울특별시 마포구 성산동 420 월드컵경기장역,서울특별시 마포구 성산동 4,N,5,8,1,0,0,0,8,1,0,서울교통공사,02-6311-6191,05:00~01:00,37.569656,126.896869,서울교통공사,역사 내 화장실,수세식,유,유,"남자화장실,여자화장실",2008이전,2020-09-28
공중화장실,월드컵경기장역(6),서울특별시 마포구 성산동 420 월드컵경기장역,서울특별시 마포구 성산동 4,N,4,9,1,0,0,0,7,1,0,서울교통공사,02-6311-6191,05:00~01:00,37.569656,126.896869,서울교통공사,역사 내 화장실,수세식,유,유,"남자화장실,여자화장실",2008이전,2020-09-28
공중화장실,마포구청역(6),서울특별시 마포구 성산동 592 마포구청역,서울특별시 마포구 성산동 5,N,3,5,1,0,0,0,7,1,0,서울교통공사,02-6311-6201,05:00~01:00,37.563418,126.901283,서울교통공사,역사 내 화장실,수세식,유,유,"남자화장실,여자화장실",2008이전,2020-09-28
공중화장실,마포구청역(6),서울특별시 마포구 성산동 592 마포구청역,서울특별시 마포구 성산동 5,N,3,4,1,0,0,0,7,1,0,서울교통공사,02-6311-6201,05:00~01:00,37.563418,126.901283,서울교통공사,역사 내 화장실,수세식,유,유,"남자화장실,여자화장실",2019,2020-09-28
공중화장실,망원역(6),서울특별시 마포구 망원동 378 망원역,서울특별시 마포구 망원동 3,N,2,3,0,0,0,0,6,0,0,서울교통공사,02-6311-6211,05:00~01:00,37.555757,126.907718,서울교통공사,역사 내 화장실,수세식,유,유,"남자화장실,여자화장실",2017,2020-09-28
공중화장실,합정역(6),서울특별시 마포구 합정동 414 합정역(6호선),서울특별시 마포구 합정동 4,N,2,5,1,0,1,0,5,1,1,서울교통공사,02-6311-6221,05:00~01:00,37.549575,126.911802,서울교통공사,역사 내 화장실,수세식,유,유,"남자화장실,여자화장실",2008이전,2020-09-28
공중화장실,상수역(6),서울특별시 마포구 상수동 309-10 상수역,서울특별시 마포구 상수동 3,N,2,5,1,0,0,0,6,1,0,서울교통공사,02-6311-6231,05:00~01:00,37.547703,126.920759,서울교통공사,역사 내 화장실,수세식,유,유,"남자화장실,여자화장실",2008이전,2020-09-28
공중화장실,광흥창역(6),서울특별시 마포구 창전동 145-17 광흥창역,서울특별시 마포구 창전동 1,N,4,4,0,0,0,0,8,0,0,서울교통공사,02-6311-6241,05:00~01:00,37.547478,126.929666,서울교통공사,역사 내 화장실,수세식,유,유,"남자화장실,여자화장실",2017,2020-09-28
공중화장실,대흥역(6),서울특별시 마포구 대흥동 128-1 대흥역,서울특별시 마포구 대흥동 1,N,4,3,0,0,0,0,7,0,0,서울교통공사,02-6311-6251,05:00~01:00,37.547674,126.940143,서울교통공사,역사 내 화장실,수세식,유,유,"남자화장실,여자화장실",2018,2020-09-28
공중화장실,공덕역(6),"서울특별시 마포구 공덕동 423-29 공덕역(5, 6호선)",서울특별시 마포구 공덕동 4,N,3,4,1,0,0,0,7,1,0,서울교통공사,02-6311-5291,05:00~01:00,37.54322,126.949387,서울교통공사,역사 내 화장실,수세식,유,유,"남자화장실,여자화장실",2019,2020-09-28
공중화장실,효창공원앞역(6),서울특별시 용산구 효창동 80 효창공원앞역,서울특별시 용산구 효창동 8,N,4,5,1,0,0,0,9,1,0,서울교통공사,02-6311-6271,05:00~01:00,37.539289,126.95915,서울교통공사,역사 내 화장실,수세식,유,유,"남자화장실,여자화장실",2008이전,2020-09-28
공중화장실,삼각지역(6),서울특별시 용산구 한강로1가 228-1 삼각지역(6호선),서울특별시 용산구 한강로1가,N,3,3,1,0,0,0,7,1,0,서울교통공사,02-6311-6281,05:00~01:00,37.53563,126.974797,서울교통공사,역사 내 화장실,수세식,유,유,"남자화장실,여자화장실",2018,2020-09-28
공중화장실,녹사평역(6),서울특별시 용산구 용산동 4가 4 녹사평역,서울특별시 용산구 용산동 4,N,5,7,1,0,0,0,9,1,0,서울교통공사,02 6311 6292,05:00~01:00,37.534945,126.983163,서울교통공사,역사 내 화장실,수세식,유,유,"남자화장실,여자화장실",2008이전,2020-09-28
공중화장실,이태원역(6),서울특별시 용산구 이태원동 119-23 이태원역,서울특별시 용산구 이태원동 ,N,3,5,1,0,0,0,5,1,0,서울교통공사,02-6311-6301,05:00~01:00,37.534533,126.99239,서울교통공사,역사 내 화장실,수세식,유,유,"남자화장실,여자화장실",2010,2020-09-28
공중화장실,한강진역(6),서울특별시 용산구 한남동 726-494 한강진역,서울특별시 용산구 한남동 7,N,4,8,1,0,0,0,11,1,0,서울교통공사,02-6311-6311,05:00~01:00,37.539518,126.999547,서울교통공사,역사 내 화장실,수세식,유,유,"남자화장실,여자화장실",2008이전,2020-09-28
공중화장실,버티고개역(6),서울특별시 중구 신당동 366-454 버티고개역,서울특별시 중구 신당동 36,N,2,3,1,0,0,0,5,1,0,서울교통공사,02-6311-6321,05:00~01:00,37.547892,127.004934,서울교통공사,역사 내 화장실,수세식,유,유,"남자화장실,여자화장실",2018,2020-09-28
공중화장실,약수역(6),서울특별시 중구 신당동 369-2 약수역(6호선),서울특별시 중구 신당동 36,N,2,3,1,0,0,0,6,1,0,서울교통공사,02-6311-6331,05:00~01:00,37.553465,127.009158,서울교통공사,역사 내 화장실,수세식,유,유,"남자화장실,여자화장실",2018,2020-09-28
공중화장실,청구역(6),"서울특별시 중구 신당동 295-2 청구역(5, 6호선)",서울특별시 중구 신당동 29,N,4,5,1,0,0,0,8,1,0,서울교통공사,02-6311-5371,05:00~01:00,37.557424,127.009814,서울교통공사,역사 내 화장실,수세식,유,유,"남자화장실,여자화장실",2008이전,2020-09-28
공중화장실,신당역(6),서울특별시 중구 흥인동 162-1 신당역(6호선),서울특별시 중구 흥인동 16,N,3,3,1,0,1,0,6,1,1,서울교통공사,02-6311-6351,05:00~01:00,37.565671,127.017279,서울교통공사,역사 내 화장실,수세식,유,유,"남자화장실,여자화장실",2016,2020-09-28
공중화장실,동묘앞역(6),서울특별시 종로구 창신동 263-2 동묘앞역(6호선),서울특별시 종로구 창신동 2,N,3,5,1,0,0,0,4,1,0,서울교통공사,02-6311-6361,05:00~01:00,37.572729,127.013819,서울교통공사,역사 내 화장실,수세식,유,유,"남자화장실,여자화장실",2008이전,2020-09-28
공중화장실,창신역(6),서울특별시 종로구 창신동 20-8 창신역,서울특별시 종로구 창신동 2,N,3,5,1,0,0,0,7,1,0,서울교통공사,02-6311-6371,05:00~01:00,37.579361,127.013092,서울교통공사,역사 내 화장실,수세식,유,유,"남자화장실,여자화장실",2008이전,2020-09-28
공중화장실,보문역(6),서울특별시 성북구 보문동 1가 127-1 보문역,서울특별시 성북구 보문동 1,N,5,9,1,0,0,0,11,1,0,서울교통공사,02-6311-6381,05:00~01:00,37.58533,127.017202,서울교통공사,역사 내 화장실,수세식,유,유,"남자화장실,여자화장실",2008이전,2020-09-28
공중화장실,안암역(6),서울특별시 성북구 안암동5가 146-1 안암역,서울특별시 성북구 안암동5가,N,2,4,1,0,0,0,6,1,0,서울교통공사,02-6311-6391,05:00~01:00,37.587422,127.029258,서울교통공사,역사 내 화장실,수세식,유,유,"남자화장실,여자화장실",2008이전,2020-09-28
공중화장실,안암역(6),서울특별시 성북구 안암동5가 146-1 안암역,서울특별시 성북구 안암동5가,N,3,4,0,0,0,0,8,0,0,서울교통공사,02-6311-6391,05:00~01:00,37.587422,127.029258,서울교통공사,역사 내 화장실,수세식,유,유,"남자화장실,여자화장실",2019,2020-09-28
공중화장실,고려대역(6),서울특별시 성북구 종암동 29-18 고려대역,서울특별시 성북구 종암동 2,N,4,3,0,0,0,0,7,0,0,서울교통공사,02-6311-6401,05:00~01:00,37.590401,127.03367,서울교통공사,역사 내 화장실,수세식,유,유,"남자화장실,여자화장실",2017,2020-09-28
공중화장실,월곡역(6),서울특별시 성북구 하월곡동 35-1 월곡역,서울특별시 성북구 하월곡동 ,N,4,8,1,0,0,0,8,1,0,서울교통공사,02-6311-6411,05:00~01:00,37.601925,127.039341,서울교통공사,역사 내 화장실,수세식,유,유,"남자화장실,여자화장실",2008이전,2020-09-28
공중화장실,상월곡역(6),서울특별시 성북구 상월곡동 26-1 상월곡역,서울특별시 성북구 상월곡동 ,N,5,6,1,0,0,0,10,1,0,서울교통공사,02-6311-6421,05:00~01:00,37.6066,127.046673,서울교통공사,역사 내 화장실,수세식,유,유,"남자화장실,여자화장실",2008이전,2020-09-28
공중화장실,돌곶이역(6),서울특별시 성북구 석관동 349-8 돌곶이역,서울특별시 성북구 석관동 3,N,4,5,1,1,0,0,9,1,0,서울교통공사,02-6311-6431,05:00~01:00,37.610493,127.054214,서울교통공사,역사 내 화장실,수세식,유,유,"남자화장실,여자화장실",2019,2020-09-28
공중화장실,석계역(6),서울특별시 노원구 월계동 25-2 석계역,서울특별시 노원구 월계동 2,N,3,5,1,0,0,0,8,1,0,서울교통공사,02-6311-6441,05:00~01:00,37.615233,127.064155,서울교통공사,역사 내 화장실,수세식,유,유,"남자화장실,여자화장실",2008이전,2020-09-28
공중화장실,석계역(6),서울특별시 노원구 월계동 25-2 석계역,서울특별시 노원구 월계동 2,N,2,4,1,1,0,0,5,1,0,서울교통공사,02-6311-6441,05:00~01:00,37.615233,127.064155,서울교통공사,역사 내 화장실,수세식,유,유,"남자화장실,여자화장실",2008이전,2020-09-28
공중화장실,태릉입구역(6),"서울특별시 노원구 공릉동 616-4 태릉입구역(6, 7호선)",서울특별시 노원구 공릉동 6,N,5,6,1,1,1,0,7,1,1,서울교통공사,02-6311-7171,05:00~01:00,37.62187,127.086099,서울교통공사,역사 내 화장실,수세식,유,유,"남자화장실,여자화장실",2008이전,2020-09-28
공중화장실,화랑대역(6),서울특별시 노원구 공릉동 285-2 화랑대역,서울특별시 노원구 공릉동 2,N,5,11,1,0,0,0,14,1,0,서울교통공사,02-6311-6461,05:00~01:00,37.621869,127.079533,서울교통공사,역사 내 화장실,수세식,유,유,"남자화장실,여자화장실",2008이전,2020-09-28
공중화장실,봉화산역(6),서울특별시 중랑구 신내동 643-1 봉화산역,서울특별시 중랑구 신내동 6,N,4,5,1,0,1,0,7,1,1,서울교통공사,02-6311-6471,05:00~01:00,37.699655,127.050087,서울교통공사,역사 내 화장실,수세식,유,유,"남자화장실,여자화장실",2008이전,2020-09-28
공중화장실,장암역(7),경기도 의정부시 장암동 160-8 장암역,경기도 의정부시 장암동 16,N,2,3,1,0,0,0,5,1,0,서울교통공사,02-6311-7091,05:00~01:00,37.689596,127.044006,서울교통공사,역사 내 화장실,수세식,유,유,"남자화장실,여자화장실",2015,2020-09-28
공중화장실,도봉산역(7),서울특별시 도봉구 도봉동 38-3 도봉산역,서울특별시 도봉구 도봉동 3,N,3,3,1,0,1,0,6,1,1,서울교통공사,02-6311-7101,05:00~01:00,37.689596,127.044006,서울교통공사,역사 내 화장실,수세식,유,유,"남자화장실,여자화장실",2014,2020-09-28
공중화장실,도봉산역(7),서울특별시 도봉구 도봉동 38-3 도봉산역,서울특별시 도봉구 도봉동 3,N,3,7,1,0,1,0,10,1,1,서울교통공사,02-6311-7101,05:00~01:00,37.677881,127.053104,서울교통공사,역사 내 화장실,수세식,유,유,"남자화장실,여자화장실",2016,2020-09-28
공중화장실,수락산역(7),서울특별시 노원구 상계동 1132-9 수락산역,서울특별시 노원구 상계동 1,N,5,7,1,0,1,0,12,1,1,서울교통공사,02-6311-7111,05:00~01:00,37.665375,127.055425,서울교통공사,역사 내 화장실,수세식,유,유,"남자화장실,여자화장실",2009,2020-09-28
공중화장실,마들역(7),서울특별시 노원구 상계동 650 마들역,서울특별시 노원구 상계동 6,N,6,7,1,0,0,0,13,1,0,서울교통공사,02-6311-7121,05:00~01:00,37.654527,127.058362,서울교통공사,역사 내 화장실,수세식,유,유,"남자화장실,여자화장실",2014,2020-09-28
공중화장실,노원역(7),서울특별시 노원구 상계동 729-0 노원역(7호선),서울특별시 노원구 상계동 7,N,3,4,1,0,1,0,7,1,1,서울교통공사,02-6311-7131,05:00~01:00,37.645494,127.061718,서울교통공사,역사 내 화장실,수세식,유,유,"남자화장실,여자화장실",2008이전,2020-09-28
공중화장실,중계역(7),서울특별시 노원구 중계동 503-3 중계역,서울특별시 노원구 중계동 5,N,5,6,1,0,1,0,11,1,1,서울교통공사,02-6311-7141,05:00~01:00,37.63595,127.066024,서울교통공사,역사 내 화장실,수세식,유,유,"남자화장실,여자화장실",2014,2020-09-28
공중화장실,하계역(7),서울특별시 노원구 하계동 273-5 하계역,서울특별시 노원구 하계동 2,N,4,6,1,0,1,0,11,1,1,서울교통공사,02-6311-7151,05:00~01:00,37.625787,127.070705,서울교통공사,역사 내 화장실,수세식,유,유,"남자화장실,여자화장실",2009,2020-09-28
공중화장실,공릉역(7),서울특별시 노원구 공릉동 385-4 공릉역,서울특별시 노원구 공릉동 3,N,3,3,1,1,0,0,6,1,1,서울교통공사,02-6311-7161,05:00~01:00,37.617909,127.072846,서울교통공사,역사 내 화장실,수세식,유,유,"남자화장실,여자화장실",2010,2020-09-28
공중화장실,태릉입구역(7),"서울특별시 노원구 공릉동 616-4 태릉입구역(6, 7호선)",서울특별시 노원구 공릉동 6,N,3,4,1,0,1,0,8,1,1,서울교통공사,02-6311-7171,05:00~01:00,37.617909,127.072846,서울교통공사,역사 내 화장실,수세식,유,유,"남자화장실,여자화장실",2013,2020-09-28
공중화장실,먹골역(7),서울특별시 중랑구 묵동 189-5 먹골역,서울특별시 중랑구 묵동 18,N,4,5,1,0,1,0,10,1,1,서울교통공사,02-6311-7181,05:00~01:00,37.61078,127.075518,서울교통공사,역사 내 화장실,수세식,유,유,"남자화장실,여자화장실",2014,2020-09-28
공중화장실,중화역(7),서울특별시 중랑구 중화동 50-3 중화역,서울특별시 중랑구 중화동 5,N,3,4,1,0,1,0,8,1,1,서울교통공사,02-6311-7191,05:00~01:00,37.602572,127.077096,서울교통공사,역사 내 화장실,수세식,유,유,"남자화장실,여자화장실",2009,2020-09-28
공중화장실,상봉역(7),서울특별시 중랑구 상봉동 160-7 상봉역,서울특별시 중랑구 상봉동 1,N,5,8,1,0,1,0,14,1,1,서울교통공사,02-6311-7201,05:00~01:00,37.595254,127.083664,서울교통공사,역사 내 화장실,수세식,유,유,"남자화장실,여자화장실",2009,2020-09-28
공중화장실,면목역(7),서울특별시 중랑구 면목동 282-6 면목역,서울특별시 중랑구 면목동 2,N,5,6,1,0,1,0,12,1,1,서울교통공사,02-6311-7211,05:00~01:00,37.588745,127.085305,서울교통공사,역사 내 화장실,수세식,유,유,"남자화장실,여자화장실",2009,2020-09-28
공중화장실,사가정역(7),서울특별시 중랑구 면목동 495 사가정역,서울특별시 중랑구 면목동 4,N,2,5,1,0,1,0,7,1,1,서울교통공사,02-6311-7221,05:00~01:00,37.580966,127.086314,서울교통공사,역사 내 화장실,수세식,유,유,"남자화장실,여자화장실",2009,2020-09-28
공중화장실,용마산역(7),서울특별시 중랑구 면목동 1382-13 용마산역,서울특별시 중랑구 면목동 1,N,4,5,1,0,1,0,9,1,1,서울교통공사,02-6311-7231,05:00~01:00,37.573793,127.084629,서울교통공사,역사 내 화장실,수세식,유,유,"남자화장실,여자화장실",2015,2020-09-28
공중화장실,중곡역(7),서울특별시 광진구 중곡동 273-2 중곡역,서울특별시 광진구 중곡동 2,N,4,4,1,0,1,0,8,1,1,서울교통공사,02-6311-7241,05:00~01:00,37.565535,127.081897,서울교통공사,역사 내 화장실,수세식,유,유,"남자화장실,여자화장실",2012,2020-09-28
공중화장실,어린이대공원역(7),서울특별시 광진구 화양동 164-1 어린이대공원역,서울특별시 광진구 화양동 1,N,5,7,1,0,1,0,10,1,1,서울교통공사,02-6311-7261,05:00~01:00,37.547905,127.072404,서울교통공사,역사 내 화장실,수세식,유,유,"남자화장실,여자화장실",2009,2020-09-28
공중화장실,건대입구역(7),서울특별시 광진구 화양동 6-3 건대입구역(7호선),서울특별시 광진구 화양동 6,N,5,7,1,0,1,0,12,1,1,서울교통공사,02-6311-7271,05:00~01:00,37.540389,127.067047,서울교통공사,역사 내 화장실,수세식,유,유,"남자화장실,여자화장실",2013,2020-09-28
공중화장실,뚝섬유원지역(7),서울특별시 광진구 자양동 73-2 뚝섬유원지역,서울특별시 광진구 자양동 7,N,3,7,1,0,0,0,6,1,0,서울교통공사,02-6311-7281,05:00~01:00,37.531537,127.064502,서울교통공사,역사 내 화장실,수세식,유,유,"남자화장실,여자화장실",2008이전,2020-09-28
공중화장실,청담역(7),서울특별시 강남구 청담동 77-76 청담역,서울특별시 강남구 청담동 7,N,4,12,1,0,0,0,14,1,0,서울교통공사,02-6311-7291,05:00~01:00,37.51912,127.049748,서울교통공사,역사 내 화장실,수세식,유,유,"남자화장실,여자화장실",2008이전,2020-09-28
공중화장실,강남구청역(7),서울특별시 강남구 삼성동 111-44 강남구청역,서울특별시 강남구 삼성동 1,N,3,5,1,0,0,0,7,1,0,서울교통공사,02-6311-7301,05:00~01:00,37.517473,127.03898,서울교통공사,역사 내 화장실,수세식,유,유,"남자화장실,여자화장실",2008이전,2020-09-28
공중화장실,학동역(7),서울특별시 강남구 논현동 279-67 학동역,서울특별시 강남구 논현동 2,N,3,6,1,0,0,0,8,1,0,서울교통공사,02-6311-7311,05:00~01:00,37.515323,127.027744,서울교통공사,역사 내 화장실,수세식,유,유,"남자화장실,여자화장실",2008이전,2020-09-28
공중화장실,논현역(7),서울특별시 강남구 논현동 280 논현역,서울특별시 강남구 논현동 2,N,4,11,1,0,0,0,14,1,0,서울교통공사,02-6311-7321,05:00~01:00,37.511206,127.019539,서울교통공사,역사 내 화장실,수세식,유,유,"남자화장실,여자화장실",2008이전,2020-09-28
공중화장실,논현역(7),서울특별시 강남구 논현동 280 논현역,서울특별시 강남구 논현동 2,N,1,0,1,0,0,0,1,1,0,서울교통공사,02-6311-7321,05:00~01:00,37.511206,127.019539,서울교통공사,역사 내 화장실,수세식,유,유,"남자화장실,여자화장실",2016,2020-09-28
공중화장실,반포역(7),서울특별시 서초구 잠원동 103 반포역,서울특별시 서초구 잠원동 1,N,3,7,1,0,0,0,9,1,0,서울교통공사,02-6311-7331,05:00~01:00,37.508213,127.009658,서울교통공사,역사 내 화장실,수세식,유,유,"남자화장실,여자화장실",2008이전,2020-09-28
공중화장실,고속터미널역(7),서울특별시 서초구 반포동 19-11 고속터미널역(7호선),서울특별시 서초구 반포동 1,N,2,3,1,0,0,0,6,1,0,서울교통공사,02-6311-7341,05:00~01:00,37.504914,127.002726,서울교통공사,역사 내 화장실,수세식,유,유,"남자화장실,여자화장실",2019,2020-09-28
공중화장실,내방역(7),서울특별시 서초구 방배동 874-16 내방역,서울특별시 서초구 방배동 8,N,3,7,1,0,0,0,7,1,0,서울교통공사,02-6311-7351,05:00~01:00,37.487707,126.991409,서울교통공사,역사 내 화장실,수세식,유,유,"남자화장실,여자화장실",2008이전,2020-09-28
공중화장실,이수역(7),서울특별시 동작구 사당동 144-4 이수역,서울특별시 동작구 사당동 1,N,3,6,1,0,0,0,6,1,0,서울교통공사,02-6311-7361,05:00~01:00,37.485936,126.979819,서울교통공사,역사 내 화장실,수세식,유,유,"남자화장실,여자화장실",2008이전,2020-09-28
공중화장실,이수역(7),서울특별시 동작구 사당동 144-4 이수역,서울특별시 동작구 사당동 1,N,3,6,1,0,0,0,7,1,0,서울교통공사,02-6311-7361,05:00~01:00,37.485936,126.979819,서울교통공사,역사 내 화장실,수세식,유,유,"남자화장실,여자화장실",2008이전,2020-09-28
공중화장실,남성역(7),서울특별시 동작구 사당동 산 25-33 남성역,서울특별시 동작구 사당동 산,N,4,5,1,0,0,0,8,1,0,서울교통공사,02-6311-7371,05:00~01:00,37.484876,126.968484,서울교통공사,역사 내 화장실,수세식,유,유,"남자화장실,여자화장실",2008이전,2020-09-28
공중화장실,숭실대입구역(7),서울특별시 동작구 상도동 514 숭실대입구역,서울특별시 동작구 상도동 5,N,3,8,1,0,0,0,9,1,0,서울교통공사,02-6311-7381,05:00~01:00,37.496374,126.951315,서울교통공사,역사 내 화장실,수세식,유,유,"남자화장실,여자화장실",2008이전,2020-09-28
공중화장실,상도역(7),서울특별시 동작구 상도1동 702-1 상도역,서울특별시 동작구 상도1동 ,N,2,5,1,0,0,0,6,1,0,서울교통공사,02-6311-7391,05:00~01:00,37.503072,126.945564,서울교통공사,역사 내 화장실,수세식,유,유,여자화장실,2008이전,2020-09-28
공중화장실,장승배기역(7),서울특별시 동작구 상도동 26-20 장승배기역,서울특별시 동작구 상도동 2,N,3,7,1,0,0,0,7,1,0,서울교통공사,02-6311-7401,05:00~01:00,37.504905,126.937002,서울교통공사,역사 내 화장실,수세식,유,유,"남자화장실,여자화장실",2008이전,2020-09-28
공중화장실,신대방삼거리역(7),서울특별시 동작구 대방동 406-10 신대방삼거리역,서울특별시 동작구 대방동 4,N,3,5,1,0,0,0,7,1,0,서울교통공사,02-6311-7411,05:00~01:00,37.487519,126.911093,서울교통공사,역사 내 화장실,수세식,유,유,"남자화장실,여자화장실",2008이전,2020-09-28
공중화장실,보라매역(7),서울특별시 동작구 대방동 466-51 보라매역,서울특별시 동작구 대방동 4,N,4,7,1,0,0,0,10,1,0,서울교통공사,02-6311-7421,05:00~01:00,37.499929,126.918093,서울교통공사,역사 내 화장실,수세식,유,유,"남자화장실,여자화장실",2008이전,2020-09-28
공중화장실,신풍역(7),서울특별시 영등포구 신길동 3599 신풍역,서울특별시 영등포구 신길동 ,N,4,5,1,0,0,0,5,1,0,서울교통공사,02-6311-7431,05:00~01:00,37.50013,126.90678,서울교통공사,역사 내 화장실,수세식,유,유,"남자화장실,여자화장실",2008이전,2020-09-28
공중화장실,대림역(7),서울특별시 구로구 대림동 1050-17 대림역(7호선),서울특별시 구로구 대림동 1,N,4,5,1,0,0,0,8,1,0,서울교통공사,02-6311-7441,05:00~01:00,37.492981,126.893984,서울교통공사,역사 내 화장실,수세식,유,유,"남자화장실,여자화장실",2008이전,2020-09-28
공중화장실,남구로역(7),서울특별시 구로구 구로동 801-95 남구로역,서울특별시 구로구 구로동 8,N,5,4,1,0,0,0,8,1,0,서울교통공사,02-6311-7451,05:00~01:00,37.486051,126.885062,서울교통공사,역사 내 화장실,수세식,유,유,"남자화장실,여자화장실",2008이전,2020-09-28
공중화장실,가산디지털단지역(7),서울특별시 금천구 가산동 54-3 가산디지털단지역,서울특별시 금천구 가산동 5,N,4,5,1,0,0,0,9,1,0,서울교통공사,02-6311-7461,05:00~01:00,37.479597,126.879888,서울교통공사,역사 내 화장실,수세식,유,유,"남자화장실,여자화장실",2019,2020-09-28
공중화장실,철산역(7),경기도 광명시 철산동 526 철산역,경기도 광명시 철산동 526,N,3,5,1,0,0,0,8,1,0,서울교통공사,02-6311-7471,05:00~01:00,37.479597,126.873322,서울교통공사,역사 내 화장실,수세식,유,유,"남자화장실,여자화장실",2019,2020-09-28
공중화장실,광명사거리역(7),경기도 광명시 광명동 158-211 광명사거리역,경기도 광명시 광명동 158,N,4,6,1,0,0,0,9,1,0,서울교통공사,02-6311-7481,05:00~01:00,37.479307,126.852486,서울교통공사,역사 내 화장실,수세식,유,유,"남자화장실,여자화장실",2008이전,2020-09-28
공중화장실,천왕역(7),서울특별시 구로구 오류동 174-6 천왕역,서울특별시 구로구 오류동 1,N,2,3,1,0,0,0,6,1,0,서울교통공사,02-6311-7491,05:00~01:00,37.486686,126.836492,서울교통공사,역사 내 화장실,수세식,유,유,"남자화장실,여자화장실",2018,2020-09-28
공중화장실,온수역(7),서울특별시 구로구 온수동 53-1 온수역(7호선),서울특별시 구로구 온수동 5,N,4,5,1,0,0,0,7,1,0,서울교통공사,02-6311-7551,05:00~01:00,37.492151,126.821446,서울교통공사,역사 내 화장실,수세식,유,유,"남자화장실,여자화장실",2008이전,2020-09-28
공중화장실,까치울역(7),경기도 부천시 원미구 춘의동 3-1 까치울역,경기도 부천시 원미구 춘의동,N,4,4,1,0,0,0,12,1,0,서울교통공사,02-6311-7511,05:00~01:00,37.506233,126.80917,서울교통공사,역사 내 화장실,수세식,유,유,"남자화장실,여자화장실",2012,2020-09-28
공중화장실,부천종합운동장역(7),경기도 부천시 원미구 춘의동 15-1 부천종합운동장역,경기도 부천시 원미구 춘의동,N,3,2,1,0,0,0,7,1,0,서울교통공사,02-6311-7521,05:00~01:00,37.505452,126.795309,서울교통공사,역사 내 화장실,수세식,유,유,"남자화장실,여자화장실",2012,2020-09-28
공중화장실,부천종합운동장역(7),경기도 부천시 원미구 춘의동 15-1 부천종합운동장역,경기도 부천시 원미구 춘의동,N,4,4,1,0,0,0,12,1,0,서울교통공사,02-6311-7521,05:00~01:00,37.505452,126.795309,서울교통공사,역사 내 화장실,수세식,유,유,"남자화장실,여자화장실",2012,2020-09-28
공중화장실,춘의역(7),경기도 부천시 원미구 춘의동 145 춘의역,경기도 부천시 원미구 춘의동,N,4,5,1,0,0,0,13,1,0,서울교통공사,02-6311-7531,05:00~01:00,37.50371,126.78489,서울교통공사,역사 내 화장실,수세식,유,유,"남자화장실,여자화장실",2012,2020-09-28
공중화장실,신중동역(7),경기도 부천시 원미구 중동 1140-6 신중동역,경기도 부천시 원미구 중동 ,N,4,6,1,0,0,0,16,1,0,서울교통공사,02-6311-7541,05:00~01:00,37.503052,126.773771,서울교통공사,역사 내 화장실,수세식,유,유,"남자화장실,여자화장실",2012,2020-09-28
공중화장실,부천시청역(7),경기도 부천시 원미구 중동 1243 부천시청역,경기도 부천시 원미구 중동 ,N,4,5,1,0,0,0,14,1,0,서울교통공사,02-6311-7551,05:00~01:00,37.504669,126.761413,서울교통공사,역사 내 화장실,수세식,유,유,"남자화장실,여자화장실",2012,2020-09-28
공중화장실,상동역(7),경기도 부천시 원미구 상동 633 상동역,경기도 부천시 원미구 상동 ,N,4,5,1,0,0,0,12,1,0,서울교통공사,02-6311-7561,05:00~01:00,37.505802,126.750958,서울교통공사,역사 내 화장실,수세식,유,유,"남자화장실,여자화장실",2012,2020-09-28
공중화장실,삼산체육관역(7),인천광역시 부평구 삼산동 466 삼산체육관역,인천광역시 부평구 삼산동 4,N,5,5,1,0,0,0,6,1,0,서울교통공사,02-6311-7571,05:00~01:00,37.506483,126.739835,서울교통공사,역사 내 화장실,수세식,유,유,,2012,2020-09-28
공중화장실,굴포천역(7),인천광역시 부평구 삼산동 466 굴포천역,인천광역시 부평구 삼산동 4,N,7,6,1,0,1,0,13,1,1,서울교통공사,02-6311-7581,05:00~01:00,37.508231,126.723624,서울교통공사,역사 내 화장실,수세식,유,유,,2012,2020-09-28
공중화장실,부평구청역(7),인천광역시 부평구 갈산동 193-45 부평구청역,인천광역시 부평구 갈산동 1,N,1,3,1,0,0,0,4,1,0,서울교통공사,02-6311-7591,05:00~01:00,37.508073,126.718721,서울교통공사,역사 내 화장실,수세식,유,유,남자화장실,2012,2020-09-28
공중화장실,부평구청역(7),인천광역시 부평구 갈산동 193-45 부평구청역,인천광역시 부평구 갈산동 1,N,6,12,1,0,0,0,19,1,0,서울교통공사,02-6311-7591,05:00~01:00,37.508073,126.718721,서울교통공사,역사 내 화장실,수세식,유,유,여자화장실,2012,2020-09-28
공중화장실,암사역(8),서울특별시 강동구 암사동 501 암사역,서울특별시 강동구 암사동 5,N,3,9,1,0,0,0,10,1,0,서울교통공사,02-6311-8101,05:00~01:00,37.550646,127.125659,서울교통공사,역사 내 화장실,수세식,유,유,"남자화장실,여자화장실",2008이전,2020-09-28
공중화장실,강동구청역(8),서울특별시 강동구 성내동 319 강동구청역,서울특별시 강동구 성내동 3,N,3,6,1,0,0,0,7,1,0,서울교통공사,02-6311-8121,05:00~01:00,37.538374,127.115484,서울교통공사,역사 내 화장실,수세식,유,유,"남자화장실,여자화장실",2008이전,2020-09-28
공중화장실,몽촌토성역(8),서울특별시 송파구 신천동 19 몽촌토성역,서울특별시 송파구 신천동 1,N,3,3,1,0,1,0,6,1,1,서울교통공사,02-6311-8131,05:00~01:00,37.517641,127.110551,서울교통공사,역사 내 화장실,수세식,유,유,"남자화장실,여자화장실",2010,2020-09-28
공중화장실,잠실역(8),서울특별시 송파구 잠실동 7-4 잠실역(8호선),서울특별시 송파구 잠실동 7,N,4,6,1,0,1,0,14,1,1,서울교통공사,02-6311-8141,05:00~01:00,37.513152,127.101221,서울교통공사,역사 내 화장실,수세식,유,유,"남자화장실,여자화장실",2014,2020-09-28
공중화장실,석촌역(8),서울특별시 송파구 석촌동 209 석촌역,서울특별시 송파구 석촌동 2,N,3,3,1,0,1,0,6,1,1,서울교통공사,02-6311-8151,05:00~01:00,37.505438,127.104792,서울교통공사,역사 내 화장실,수세식,유,유,"남자화장실,여자화장실",2009,2020-09-28
공중화장실,송파역(8),서울특별시 송파구 가락동 459-4 송파역,서울특별시 송파구 가락동 4,N,3,5,1,0,1,0,8,1,1,서울교통공사,02-6311-8161,05:00~01:00,37.505438,127.098226,서울교통공사,역사 내 화장실,수세식,유,유,"남자화장실,여자화장실",2015,2020-09-28
공중화장실,가락시장역(8),"서울특별시 송파구 가락동 184-23 가락시장역(3, 8호선)",서울특별시 송파구 가락동 1,N,5,7,1,0,1,0,16,1,1,서울교통공사,02-6311-8171,05:00~01:00,37.495002,127.110205,서울교통공사,역사 내 화장실,수세식,유,유,"남자화장실,여자화장실",2015,2020-09-28
공중화장실,문정역(8),서울특별시 송파구 문정동 119-4 문정역,서울특별시 송파구 문정동 1,N,3,5,1,0,1,0,8,1,1,서울교통공사,02-6311-8181,05:00~01:00,37.495002,127.103639,서울교통공사,역사 내 화장실,수세식,유,유,"남자화장실,여자화장실",2015,2020-09-28
공중화장실,장지역(8),서울특별시 송파구 장지동 201-5 장지역,서울특별시 송파구 장지동 2,N,6,10,1,0,0,0,17,1,0,서울교통공사,02-6311-8191,05:00~01:00,37.482299,127.124225,서울교통공사,역사 내 화장실,수세식,유,유,여자화장실,2009,2020-09-28
공중화장실,복정역(8),서울특별시 송파구 장지동 596-21 복정역,서울특별시 송파구 장지동 5,N,5,7,1,0,1,0,13,1,1,서울교통공사,02-6311-8201,05:00~01:00,37.470375,127.124496,서울교통공사,역사 내 화장실,수세식,유,유,"남자화장실,여자화장실",2015,2020-09-28
공중화장실,산성역(8),경기도 성남시 수정구 신흥동 7-4 산성역,경기도 성남시 수정구 신흥동,N,3,3,1,0,1,0,6,1,1,서울교통공사,02-6311-8211,05:00~01:00,37.470375,127.11793,서울교통공사,역사 내 화장실,수세식,유,유,"남자화장실,여자화장실",2013,2020-09-28
공중화장실,남한산성입구역(8),경기도 성남시 수정구 단대동 96 남한산성입구역,경기도 성남시 수정구 단대동,N,3,5,1,0,1,0,8,1,1,서울교통공사,02-6311-8221,05:00~01:00,37.451541,127.157632,서울교통공사,역사 내 화장실,수세식,유,유,"남자화장실,여자화장실",2009,2020-09-28
공중화장실,단대오거리역(8),경기도 성남시 수정구 신흥동 2467 단대오거리역,경기도 성남시 수정구 신흥동,N,3,4,1,0,1,0,7,1,1,서울교통공사,02-6311-8231,05:00~01:00,37.445163,127.154033,서울교통공사,역사 내 화장실,수세식,유,유,"남자화장실,여자화장실",2009,2020-09-28
공중화장실,신흥역(8),경기도 성남시 수정구 신흥동 2467 신흥역,경기도 성남시 수정구 신흥동,N,4,5,1,0,0,0,9,1,0,서울교통공사,02-6311-8241,05:00~01:00,37.440749,127.144161,서울교통공사,역사 내 화장실,수세식,유,유,"남자화장실,여자화장실",2008이전,2020-09-28
공중화장실,수진역(8),경기도 성남시 수정구 수진동 2205-1 수진역,경기도 성남시 수정구 수진동,N,3,5,1,0,1,0,10,1,1,서울교통공사,02-6311-8251,05:00~01:00,37.437611,127.138831,서울교통공사,역사 내 화장실,수세식,유,유,"남자화장실,여자화장실",2012,2020-09-28
공중화장실,모란역(8),경기도 성남시 수정구 수진동 4808 모란역,경기도 성남시 수정구 수진동,N,5,5,1,0,1,0,10,1,1,서울교통공사,02-6311-8261,05:00~01:00,37.433072,127.127123,서울교통공사,역사 내 화장실,수세식,유,유,"남자화장실,여자화장실",2013,2020-09-28
